id,age,income,credit_score,years_employed,num_accounts,category,region,label
1,54,140836.0,634.0,3,7,B,North,0
2,64,78469.0,340.0,34,9,A,West,0
3,51,165527.0,301.0,14,4,D,West,1
4,69,189727.0,400.0,13,3,A,South,1
5,38,40795.0,601.0,15,1,B,East,0
6,39,29238.0,653.0,37,8,A,West,0
7,18,77744.0,780.0,26,8,B,East,1
8,31,128924.0,777.0,9,6,C,North,1
9,66,151575.0,764.0,0,9,A,East,1
10,45,121253.0,531.0,4,2,C,South,0
11,55,114108.0,394.0,26,5,C,West,1
12,43,21057.0,566.0,22,9,A,West,0
13,67,194085.0,654.0,22,4,A,North,1
14,37,35084.0,699.0,22,7,A,East,0
15,25,68079.0,354.0,2,4,C,South,0
16,21,156332.0,693.0,9,1,B,North,1
17,68,191831.0,354.0,30,4,B,South,1
18,39,153061.0,508.0,5,3,D,East,0
19,29,118592.0,623.0,20,4,A,North,1
20,21,120101.0,622.0,34,5,A,East,1
21,54,77418.0,471.0,30,7,D,South,0
22,69,125377.0,480.0,9,5,A,East,1
23,37,100529.0,759.0,25,4,C,South,1
24,34,159078.0,829.0,18,4,D,South,1
25,68,22930.0,357.0,39,9,A,West,0
26,21,56247.0,503.0,27,7,D,East,0
27,21,106893.0,381.0,39,2,A,North,1
28,43,127901.0,416.0,31,7,B,West,1
29,34,141616.0,304.0,36,1,D,North,1
30,65,131844.0,736.0,17,1,A,South,1
31,35,119753.0,448.0,0,7,D,North,0
32,26,30940.0,498.0,15,7,B,East,0
33,48,58342.0,574.0,34,4,A,South,0
34,52,196739.0,346.0,11,6,C,East,1
35,43,64170.0,392.0,14,3,C,South,0
36,59,64548.0,398.0,34,4,B,West,0
37,20,,413.0,12,9,D,South,1
38,55,103289.0,710.0,32,4,D,North,1
39,26,139469.0,491.0,8,9,C,North,1
40,52,143807.0,746.0,25,8,B,North,1
41,58,181003.0,734.0,8,6,D,West,1
42,39,157329.0,649.0,28,9,D,West,1
43,47,49809.0,,10,2,D,South,0
44,57,56524.0,771.0,19,1,C,South,1
45,65,32224.0,826.0,27,8,D,West,1
46,46,190951.0,428.0,6,3,C,East,1
47,67,85895.0,739.0,10,5,B,East,1
48,50,63565.0,686.0,22,6,A,West,0
49,68,160386.0,644.0,29,5,B,East,1
50,42,65477.0,303.0,21,3,C,West,0
51,19,159607.0,637.0,14,8,D,East,1
52,21,49438.0,651.0,14,6,B,West,0
53,55,159634.0,366.0,14,7,D,West,1
54,66,124382.0,811.0,10,3,D,East,1
55,46,133298.0,563.0,14,4,C,North,1
56,65,55303.0,692.0,1,4,B,East,0
57,27,52982.0,561.0,20,9,D,West,0
58,35,80352.0,535.0,4,5,A,South,0
59,36,135472.0,566.0,33,6,A,South,1
60,31,124911.0,577.0,35,9,C,West,1
61,21,86603.0,728.0,30,6,C,South,1
62,58,111150.0,707.0,0,7,D,East,1
63,30,61863.0,760.0,14,5,D,East,1
64,39,78405.0,819.0,29,7,B,North,1
65,54,64509.0,389.0,28,9,C,West,0
66,55,179057.0,592.0,2,5,A,West,0
67,61,181540.0,368.0,35,1,C,South,1
68,29,189250.0,815.0,23,9,D,West,1
69,65,181386.0,701.0,26,6,D,East,1
70,61,188370.0,810.0,36,4,A,North,1
71,31,149000.0,641.0,0,7,D,South,0
72,50,189590.0,,0,7,A,East,0
73,68,190669.0,458.0,17,5,D,North,1
74,66,101415.0,563.0,25,4,A,West,1
75,64,154947.0,720.0,27,1,A,East,1
76,28,27100.0,364.0,27,7,A,South,0
77,42,49042.0,790.0,15,4,D,East,1
78,29,100038.0,601.0,37,4,B,West,1
79,19,171774.0,536.0,18,7,A,West,1
80,69,184438.0,768.0,28,4,B,South,1
81,55,183900.0,818.0,36,7,C,West,1
82,27,29482.0,469.0,30,2,D,West,0
83,39,92759.0,546.0,17,4,B,East,1
84,28,58375.0,708.0,9,8,A,South,1
85,32,,787.0,6,6,B,West,1
86,32,54086.0,608.0,29,5,A,West,0
87,21,180160.0,338.0,13,9,A,North,1
88,69,122710.0,526.0,2,3,C,West,0
89,48,54968.0,778.0,36,3,C,North,1
90,36,175577.0,838.0,12,1,D,South,1
91,60,105216.0,755.0,24,9,C,East,1
92,44,132724.0,598.0,21,6,B,East,1
93,50,108320.0,739.0,7,2,D,North,1
94,39,72690.0,361.0,1,3,C,South,0
95,26,58549.0,700.0,6,8,D,West,0
96,48,115581.0,682.0,26,7,A,South,1
97,28,161282.0,547.0,37,8,C,South,1
98,41,76761.0,817.0,33,2,B,East,1
99,31,88514.0,560.0,39,6,A,East,1
100,52,103568.0,705.0,20,5,C,West,1
101,58,147347.0,354.0,35,1,D,East,1
102,25,150138.0,610.0,26,6,B,West,1
103,46,166141.0,654.0,38,4,C,East,1
104,57,94137.0,508.0,5,5,A,North,0
105,39,109850.0,350.0,4,4,C,South,0
106,63,89020.0,558.0,26,5,D,West,1
107,22,177580.0,834.0,4,7,D,East,1
108,69,121070.0,728.0,24,6,A,West,1
109,48,136345.0,746.0,31,1,C,East,1
110,65,175408.0,741.0,3,7,C,West,1
111,40,84872.0,796.0,21,9,C,East,1
112,57,70638.0,331.0,31,1,A,South,0
113,22,125864.0,589.0,9,9,D,East,1
114,54,144100.0,598.0,35,3,A,North,1
115,57,108316.0,404.0,34,6,C,South,1
116,58,32800.0,379.0,14,1,C,North,0
117,53,22299.0,605.0,4,1,B,East,0
118,18,77936.0,466.0,16,9,C,North,0
119,30,123297.0,560.0,2,2,C,West,0
120,67,32887.0,441.0,1,1,C,East,0
121,53,29389.0,576.0,9,1,B,East,0
122,51,76293.0,581.0,26,9,A,West,0
123,53,180887.0,358.0,1,4,A,East,0
124,30,150479.0,356.0,22,3,D,West,1
125,57,139005.0,503.0,4,6,D,South,0
126,59,196340.0,552.0,16,3,C,West,1
127,58,57349.0,807.0,36,1,A,North,1
128,45,67896.0,699.0,22,5,A,East,0
129,42,63905.0,347.0,36,2,B,South,0
130,55,104437.0,387.0,35,7,B,West,1
131,25,125607.0,721.0,38,7,A,West,1
132,61,185835.0,326.0,34,2,B,North,1
133,57,21327.0,416.0,28,4,A,North,0
134,35,,511.0,16,8,A,West,0
135,32,75926.0,814.0,21,3,D,North,1
136,67,190296.0,478.0,12,4,D,North,1
137,31,180994.0,656.0,17,2,D,South,1
138,28,24036.0,651.0,2,5,A,North,0
139,58,88469.0,450.0,10,8,B,South,1
140,40,,415.0,39,5,B,North,1
141,34,109308.0,779.0,38,5,B,South,1
142,18,22059.0,759.0,5,2,A,East,0
143,40,142456.0,385.0,9,7,A,North,1
144,31,130459.0,716.0,28,9,A,East,1
145,26,86960.0,360.0,32,5,C,South,1
146,39,187114.0,388.0,6,3,C,South,1
147,64,172089.0,364.0,27,8,A,West,1
148,21,83017.0,584.0,0,1,C,West,0
149,68,187702.0,505.0,4,6,C,North,0
150,37,92156.0,585.0,12,3,A,South,1
151,59,65614.0,547.0,14,8,D,West,0
152,63,,829.0,12,8,D,West,1
153,69,178548.0,737.0,36,7,C,South,1
154,68,56911.0,668.0,23,4,B,South,0
155,34,39709.0,399.0,18,6,D,South,0
156,59,,396.0,24,8,C,South,1
157,55,36281.0,497.0,38,1,C,East,0
158,69,183547.0,345.0,20,5,D,North,1
159,62,175418.0,496.0,7,3,B,West,1
160,28,96996.0,,12,6,C,South,1
161,26,155427.0,789.0,27,7,B,West,1
162,62,146034.0,540.0,0,5,C,South,0
163,20,179527.0,808.0,7,8,B,East,1
164,69,193826.0,341.0,22,5,A,South,1
165,27,163556.0,495.0,37,7,A,East,1
166,47,40594.0,569.0,18,1,A,West,0
167,31,23419.0,685.0,19,9,D,North,0
168,65,104206.0,676.0,34,1,A,West,1
169,30,45256.0,584.0,6,4,C,North,0
170,23,85220.0,553.0,20,6,C,North,1
171,60,64217.0,504.0,11,8,A,North,0
172,45,58399.0,458.0,35,8,C,North,0
173,51,27985.0,604.0,24,7,A,North,0
174,20,99893.0,375.0,0,9,A,West,0
175,53,193483.0,623.0,37,2,D,North,1
176,21,192724.0,365.0,6,3,C,South,1
177,55,110750.0,787.0,5,2,C,West,1
178,30,46419.0,433.0,13,7,D,North,0
179,49,176412.0,338.0,10,8,D,South,1
180,20,160966.0,354.0,25,3,A,South,1
181,37,155083.0,357.0,33,2,C,West,1
182,24,91446.0,349.0,23,9,C,South,1
183,44,,675.0,32,5,A,South,1
184,39,99036.0,729.0,0,2,B,North,1
185,47,27089.0,482.0,35,5,A,West,0
186,42,172985.0,647.0,18,7,D,South,1
187,62,184566.0,661.0,39,7,A,North,1
188,20,76711.0,815.0,16,5,D,East,1
189,27,98364.0,841.0,39,6,D,North,1
190,43,39291.0,619.0,38,4,A,North,0
191,69,35283.0,552.0,7,2,B,East,0
192,44,46819.0,587.0,36,8,C,East,0
193,46,66055.0,481.0,4,7,D,South,0
194,69,140156.0,601.0,27,5,B,West,1
195,47,32842.0,345.0,5,5,A,East,0
196,34,164118.0,420.0,14,6,B,North,1
197,67,28733.0,662.0,3,2,C,North,0
198,39,79226.0,470.0,27,4,B,North,0
199,54,173869.0,644.0,23,3,B,South,1
200,63,,771.0,18,8,D,South,1
201,63,192256.0,485.0,10,1,B,North,1
202,35,151439.0,369.0,22,2,D,North,1
203,30,49131.0,678.0,0,3,C,South,0
204,50,28217.0,674.0,16,3,B,North,0
205,38,160104.0,386.0,25,3,C,West,1
206,58,122854.0,691.0,1,4,B,South,0
207,52,56717.0,372.0,3,9,D,East,0
208,22,54885.0,787.0,15,8,C,North,1
209,27,100587.0,825.0,25,6,C,West,1
210,42,145211.0,357.0,3,5,D,North,0
211,39,,323.0,5,9,C,North,0
212,33,132138.0,329.0,33,6,B,South,1
213,67,199198.0,409.0,23,2,D,South,1
214,27,,626.0,16,1,D,North,0
215,25,37792.0,597.0,18,7,C,North,0
216,58,74817.0,794.0,8,9,D,North,1
217,19,136086.0,587.0,14,8,D,East,1
218,56,102579.0,480.0,4,3,B,West,0
219,25,184801.0,627.0,24,4,C,South,1
220,26,47693.0,502.0,17,3,A,North,0
221,61,53727.0,418.0,11,6,B,North,0
222,63,28163.0,409.0,26,7,B,South,0
223,59,145249.0,,1,2,D,North,1
224,37,32041.0,794.0,28,7,B,West,1
225,19,43786.0,739.0,20,8,D,South,1
226,37,125494.0,665.0,20,5,D,North,1
227,22,32094.0,813.0,33,8,D,West,1
228,44,103647.0,760.0,34,5,A,South,1
229,20,,831.0,37,9,A,South,1
230,40,195067.0,559.0,36,2,D,North,1
231,41,109480.0,314.0,5,1,B,South,0
232,51,75457.0,563.0,23,1,A,East,0
233,30,47205.0,549.0,3,1,A,West,0
234,40,23163.0,566.0,8,6,C,North,0
235,58,152864.0,635.0,0,4,C,North,0
236,44,81610.0,633.0,33,9,B,West,1
237,29,64313.0,608.0,27,5,D,South,0
238,29,31603.0,489.0,8,3,A,West,0
239,54,69712.0,818.0,15,1,B,South,1
240,29,121247.0,470.0,25,1,A,South,1
241,64,29252.0,419.0,39,6,D,West,0
242,28,74407.0,584.0,35,6,B,West,0
243,66,94307.0,702.0,26,5,C,South,1
244,30,132117.0,710.0,20,1,A,North,1
245,39,122075.0,583.0,14,6,D,North,1
246,27,172543.0,661.0,24,2,C,West,1
247,31,117581.0,450.0,34,5,A,West,1
248,25,77307.0,586.0,33,1,B,East,0
249,19,153524.0,638.0,12,6,D,West,1
250,55,,492.0,1,9,C,North,0
251,58,186336.0,380.0,31,4,D,South,1
252,35,110163.0,532.0,32,2,D,West,1
253,43,26762.0,445.0,28,6,B,East,0
254,58,86774.0,439.0,36,9,C,South,1
255,37,,537.0,13,8,C,East,1
256,38,137170.0,405.0,38,8,A,West,1
257,18,72031.0,525.0,31,4,D,North,0
258,63,44624.0,311.0,5,6,A,South,0
259,58,133587.0,414.0,17,5,A,South,1
260,64,183695.0,462.0,13,9,A,North,1
261,23,139051.0,840.0,26,3,B,North,1
262,54,84081.0,617.0,2,6,C,South,0
263,20,131445.0,391.0,38,3,A,East,1
264,30,108286.0,849.0,17,6,D,West,1
265,35,36498.0,703.0,1,5,C,East,0
266,68,197489.0,358.0,4,8,C,East,0
267,25,155500.0,738.0,16,8,B,West,1
268,38,194574.0,418.0,7,1,C,East,1
269,42,145328.0,491.0,10,9,C,West,1
270,24,168490.0,768.0,6,9,D,North,1
271,33,199976.0,348.0,15,6,C,North,1
272,50,195873.0,507.0,38,5,B,West,1
273,54,83836.0,471.0,28,1,B,North,1
274,31,80557.0,723.0,12,4,D,West,1
275,35,89947.0,791.0,23,3,B,North,1
276,62,98510.0,745.0,28,3,D,South,1
277,48,75736.0,641.0,33,9,A,South,0
278,62,151574.0,781.0,22,2,A,South,1
279,41,110640.0,424.0,8,8,B,West,1
280,28,185958.0,809.0,14,7,A,North,1
281,40,110192.0,530.0,29,4,B,West,1
282,21,137111.0,579.0,30,3,D,West,1
283,52,154677.0,757.0,15,5,B,South,1
284,57,119515.0,429.0,5,5,A,East,0
285,27,62586.0,792.0,0,1,A,West,0
286,52,150808.0,588.0,34,6,D,East,1
287,38,186553.0,401.0,8,1,D,East,1
288,42,135338.0,330.0,31,2,D,West,1
289,42,62827.0,702.0,37,5,D,West,1
290,25,176815.0,592.0,14,4,A,East,1
291,68,76345.0,766.0,15,9,B,West,1
292,41,144902.0,364.0,26,8,A,West,1
293,45,185614.0,,26,2,C,West,1
294,24,120899.0,642.0,29,6,D,East,1
295,49,25580.0,403.0,28,4,B,East,0
296,68,,348.0,33,4,B,East,0
297,24,189242.0,735.0,24,1,D,East,1
298,63,42730.0,692.0,16,7,C,South,0
299,24,168991.0,483.0,25,6,C,West,1
300,53,172514.0,760.0,19,5,A,West,1
301,48,,434.0,14,2,C,East,0
302,50,64665.0,615.0,6,7,D,South,0
303,35,110715.0,384.0,30,8,D,West,1
304,58,93144.0,492.0,5,6,B,North,0
305,60,41373.0,685.0,3,9,B,North,0
306,56,62882.0,646.0,9,1,A,North,0
307,64,144192.0,588.0,14,2,B,South,1
308,32,119632.0,765.0,10,2,D,West,1
309,34,143787.0,441.0,29,2,D,North,1
310,67,118842.0,745.0,29,8,D,North,1
311,52,125984.0,497.0,17,7,B,North,1
312,31,97374.0,385.0,35,4,A,North,1
313,68,86596.0,781.0,28,8,A,North,1
314,67,88822.0,760.0,20,7,D,North,1
315,27,46928.0,630.0,18,7,D,East,0
316,61,85402.0,406.0,15,7,C,North,1
317,61,173799.0,821.0,0,7,D,West,1
318,54,191138.0,654.0,21,5,B,North,1
319,60,137530.0,342.0,8,6,C,West,1
320,56,169237.0,545.0,12,1,C,West,1
321,48,156038.0,615.0,31,2,C,East,1
322,41,72895.0,577.0,10,2,B,North,0
323,33,71274.0,500.0,36,3,B,West,0
324,46,187863.0,702.0,22,7,C,West,1
325,37,116780.0,339.0,35,1,D,East,1
326,24,51263.0,488.0,17,4,C,South,0
327,58,151959.0,329.0,27,6,B,North,1
328,36,94269.0,814.0,33,4,D,West,1
329,42,146456.0,417.0,33,8,A,North,1
330,33,156213.0,466.0,34,9,C,North,1
331,23,86627.0,516.0,0,1,B,North,0
332,57,174620.0,428.0,3,8,D,South,0
333,21,114087.0,572.0,35,3,A,East,1
334,38,,647.0,28,9,A,East,0
335,57,54052.0,331.0,35,7,D,South,0
336,52,186086.0,581.0,18,7,C,South,1
337,25,34546.0,663.0,12,3,D,East,0
338,49,120615.0,756.0,19,5,A,North,1
339,33,153419.0,319.0,17,1,A,East,1
340,41,,632.0,5,3,B,West,0
341,41,35544.0,655.0,12,6,D,West,0
342,26,129668.0,551.0,13,4,C,South,1
343,58,92803.0,479.0,4,5,A,West,0
344,61,164421.0,802.0,39,6,A,West,1
345,65,47845.0,302.0,15,4,C,South,0
346,41,94206.0,507.0,10,2,C,North,1
347,34,117594.0,717.0,13,8,A,East,1
348,40,45294.0,587.0,33,4,D,South,0
349,18,137268.0,386.0,21,1,B,West,1
350,45,57498.0,443.0,21,7,B,South,0
351,65,149055.0,425.0,22,3,B,South,1
352,40,80216.0,785.0,5,7,B,North,1
353,61,92251.0,610.0,13,4,C,West,1
354,20,161247.0,571.0,25,8,B,East,1
355,24,97347.0,782.0,31,1,D,West,1
356,49,135368.0,773.0,6,3,B,South,1
357,46,33881.0,494.0,17,5,D,North,0
358,50,105755.0,441.0,23,2,C,South,1
359,19,28049.0,309.0,32,5,B,East,0
360,23,173752.0,497.0,35,3,B,South,1
361,29,155959.0,728.0,14,4,A,West,1
362,53,,385.0,23,6,A,South,1
363,33,167321.0,804.0,21,5,D,North,1
364,24,24650.0,526.0,19,5,D,West,0
365,39,167751.0,566.0,0,1,C,East,0
366,19,186571.0,363.0,39,8,C,South,1
367,48,89957.0,772.0,16,4,A,South,1
368,49,73548.0,,5,6,D,East,0
369,35,130600.0,384.0,25,3,A,North,1
370,44,86558.0,498.0,18,4,D,South,1
371,23,157213.0,671.0,31,3,B,East,1
372,43,42904.0,485.0,2,8,A,North,0
373,37,,831.0,17,7,A,East,1
374,42,96535.0,802.0,6,7,A,South,1
375,39,76022.0,496.0,10,2,D,South,0
376,22,66044.0,395.0,10,9,C,North,0
377,65,110441.0,466.0,24,8,A,West,1
378,27,152552.0,591.0,1,1,B,West,0
379,22,119420.0,742.0,10,8,D,East,1
380,40,85537.0,611.0,38,3,A,East,1
381,38,197075.0,613.0,1,9,D,North,0
382,49,152853.0,624.0,15,9,A,West,1
383,43,123375.0,567.0,35,3,C,South,1
384,66,114395.0,583.0,2,5,B,East,0
385,44,32348.0,833.0,9,4,A,East,1
386,20,29320.0,309.0,1,2,D,North,0
387,53,131072.0,540.0,0,9,A,North,0
388,19,198840.0,468.0,35,1,C,West,1
389,29,162928.0,671.0,26,3,D,North,1
390,25,135239.0,493.0,35,1,D,West,1
391,34,121657.0,704.0,20,4,C,West,1
392,58,101970.0,459.0,14,6,D,East,1
393,64,24882.0,320.0,24,2,C,North,0
394,61,109967.0,800.0,2,3,B,East,1
395,62,161357.0,504.0,29,6,A,North,1
396,40,31078.0,719.0,26,1,C,West,1
397,42,89491.0,763.0,39,6,C,South,1
398,66,60893.0,823.0,29,9,C,East,1
399,23,67955.0,493.0,0,8,D,North,0
400,42,180154.0,508.0,22,3,B,South,1
401,32,182338.0,311.0,34,2,D,South,1
402,37,175562.0,413.0,20,7,D,South,1
403,39,140091.0,776.0,17,1,C,South,1
404,68,158676.0,755.0,4,2,D,East,1
405,22,161284.0,625.0,12,7,A,East,1
406,21,,794.0,4,1,B,South,1
407,40,178857.0,411.0,38,2,D,South,1
408,67,185914.0,648.0,31,2,D,West,1
409,25,111737.0,537.0,15,9,A,East,1
410,54,162323.0,587.0,31,1,D,North,1
411,22,62281.0,735.0,25,7,B,East,1
412,41,161492.0,448.0,13,5,B,West,1
413,63,96722.0,745.0,39,4,D,West,1
414,49,,360.0,29,3,C,West,1
415,33,81691.0,463.0,34,8,C,North,1
416,64,97985.0,320.0,2,3,C,West,0
417,56,165811.0,796.0,9,4,B,East,1
418,57,191762.0,554.0,24,6,C,South,1
419,49,132478.0,335.0,7,1,A,West,1
420,36,64284.0,617.0,34,5,D,West,0
421,39,184284.0,629.0,26,6,A,North,1
422,48,68185.0,322.0,18,9,C,North,0
423,48,62380.0,600.0,23,9,D,West,0
424,41,103699.0,558.0,25,3,A,North,1
425,50,70196.0,729.0,19,5,D,South,1
426,29,194379.0,781.0,15,4,D,North,1
427,62,49080.0,386.0,23,1,B,West,0
428,52,45412.0,799.0,5,6,C,East,0
429,24,179916.0,614.0,4,1,C,South,0
430,52,111729.0,817.0,16,5,D,East,1
431,59,43312.0,482.0,20,5,C,South,0
432,63,42081.0,828.0,0,2,C,West,0
433,26,120233.0,505.0,15,6,A,West,1
434,44,154877.0,392.0,35,3,C,East,1
435,47,109137.0,815.0,14,2,A,East,1
436,69,141429.0,384.0,22,9,B,North,1
437,27,149029.0,790.0,23,6,C,West,1
438,43,36343.0,342.0,27,2,D,East,0
439,58,159201.0,482.0,19,6,A,North,1
440,35,188769.0,735.0,7,1,B,West,1
441,31,137887.0,404.0,25,5,C,North,1
442,20,158108.0,681.0,36,3,B,West,1
443,51,117933.0,448.0,39,6,C,South,1
444,26,102098.0,613.0,11,5,A,West,1
445,33,122025.0,597.0,13,6,A,West,1
446,25,191376.0,395.0,5,2,B,North,0
447,20,183749.0,346.0,33,1,D,West,1
448,38,112161.0,829.0,35,2,D,South,1
449,49,129482.0,789.0,11,1,A,East,1
450,46,80697.0,725.0,13,5,A,South,1
451,51,199179.0,836.0,25,3,D,East,1
452,41,162256.0,630.0,31,4,D,East,1
453,61,132884.0,,11,5,A,East,1
454,56,191809.0,552.0,2,8,B,West,0
455,32,154592.0,337.0,22,7,D,West,1
456,58,36179.0,339.0,25,5,C,South,0
457,60,70992.0,370.0,0,7,A,West,0
458,21,77363.0,612.0,18,2,C,East,0
459,40,107721.0,758.0,18,2,C,South,1
460,58,24631.0,338.0,10,9,B,East,0
461,32,173092.0,382.0,14,9,C,South,1
462,49,39802.0,391.0,15,4,D,North,0
463,54,144460.0,824.0,29,8,C,South,1
464,50,38036.0,302.0,5,4,C,West,0
465,53,,344.0,19,2,D,South,0
466,51,177571.0,429.0,27,7,A,West,1
467,25,146676.0,527.0,9,4,C,South,1
468,39,125698.0,445.0,33,8,C,West,1
469,40,55042.0,388.0,36,8,B,East,0
470,63,175980.0,579.0,0,8,C,South,0
471,19,26668.0,468.0,10,5,C,South,0
472,34,31288.0,589.0,18,4,C,East,0
473,52,193695.0,528.0,30,5,D,South,1
474,20,46920.0,804.0,1,6,C,East,0
475,37,84612.0,660.0,32,8,A,East,1
476,38,24662.0,,36,5,A,West,0
477,63,179456.0,474.0,7,2,B,East,1
478,44,36128.0,496.0,0,6,D,North,0
479,25,193899.0,756.0,11,3,B,West,1
480,52,192255.0,808.0,9,2,A,East,1
481,40,140741.0,322.0,14,3,A,South,1
482,32,67663.0,484.0,20,9,C,West,0
483,39,138014.0,343.0,24,4,C,North,1
484,45,118595.0,416.0,3,5,C,South,0
485,50,161401.0,546.0,15,3,A,South,1
486,39,102399.0,588.0,8,5,D,West,1
487,25,44965.0,662.0,12,4,D,South,0
488,42,79875.0,302.0,16,4,A,West,0
489,42,,457.0,18,3,A,North,1
490,48,22255.0,760.0,4,3,A,North,0
491,50,163923.0,325.0,15,3,D,South,1
492,36,199468.0,406.0,26,8,A,South,1
493,28,,448.0,27,5,B,North,1
494,62,42612.0,636.0,37,7,B,West,0
495,67,117017.0,,31,3,B,South,1
496,22,111056.0,846.0,29,6,D,South,1
497,64,27944.0,832.0,4,6,B,West,0
498,60,127257.0,720.0,36,4,C,West,1
499,23,131702.0,552.0,0,4,D,North,0
500,46,137164.0,748.0,25,9,A,East,1
501,39,142899.0,574.0,28,9,A,North,1
502,31,166415.0,802.0,39,1,B,West,1
503,20,115130.0,558.0,10,3,C,East,1
504,43,84476.0,744.0,36,3,B,North,1
505,53,160156.0,311.0,37,4,B,West,1
506,40,189558.0,492.0,3,7,B,North,0
507,61,107279.0,701.0,10,8,A,West,1
508,24,73553.0,471.0,33,6,D,East,0
509,47,56071.0,360.0,22,5,B,West,0
510,64,154556.0,689.0,17,3,A,West,1
511,66,48192.0,541.0,14,6,B,North,0
512,28,80959.0,716.0,36,5,C,West,1
513,60,167834.0,593.0,24,3,A,East,1
514,51,79898.0,404.0,14,8,C,West,0
515,48,89034.0,641.0,31,8,D,North,1
516,44,117622.0,552.0,2,1,B,East,0
517,23,179536.0,564.0,30,2,D,South,1
518,25,169582.0,438.0,2,4,C,North,0
519,22,128426.0,386.0,18,6,D,West,1
520,20,104610.0,,14,9,B,West,1
521,60,100555.0,403.0,2,5,A,South,0
522,64,76488.0,634.0,7,7,C,West,0
523,36,109947.0,585.0,12,3,B,South,1
524,57,69895.0,507.0,27,8,C,North,0
525,18,84822.0,454.0,31,5,C,West,1
526,20,105707.0,776.0,25,4,D,West,1
527,19,118111.0,448.0,28,2,D,East,1
528,43,66931.0,373.0,37,5,C,South,0
529,18,183756.0,602.0,22,3,D,East,1
530,64,74211.0,431.0,3,8,D,North,0
531,56,39080.0,839.0,11,6,C,West,1
532,20,32746.0,304.0,38,7,A,East,0
533,42,53919.0,768.0,19,2,C,South,1
534,57,117113.0,660.0,8,7,A,North,1
535,31,192725.0,447.0,11,1,D,West,1
536,30,54414.0,581.0,18,5,C,South,0
537,38,133708.0,528.0,21,2,C,South,1
538,53,30362.0,701.0,18,2,C,West,1
539,21,132548.0,758.0,27,3,D,East,1
540,57,26685.0,595.0,20,5,D,North,0
541,39,52808.0,360.0,30,5,B,West,0
542,53,153728.0,343.0,20,1,B,North,1
543,52,30019.0,701.0,20,3,A,West,1
544,67,168971.0,647.0,33,4,A,West,1
545,20,129018.0,568.0,11,4,B,West,1
546,58,78809.0,826.0,23,8,B,South,1
547,40,21913.0,638.0,17,7,D,South,0
548,19,131969.0,409.0,24,9,A,South,1
549,63,186650.0,659.0,8,2,B,South,1
550,65,109775.0,786.0,17,1,D,East,1
551,19,132755.0,721.0,16,6,C,East,1
552,34,116534.0,424.0,11,6,A,North,1
553,36,28182.0,816.0,39,2,B,South,1
554,20,168108.0,536.0,36,4,B,North,1
555,38,153503.0,347.0,14,6,C,South,1
556,37,74569.0,497.0,22,6,D,East,0
557,64,110351.0,427.0,10,2,C,North,1
558,54,89918.0,806.0,26,1,C,East,1
559,59,37628.0,828.0,3,6,B,East,0
560,62,139475.0,684.0,23,4,D,South,1
561,63,26806.0,663.0,29,8,A,North,0
562,65,47318.0,819.0,37,1,D,South,1
563,21,,690.0,20,1,B,East,1
564,44,49852.0,703.0,39,7,D,North,1
565,56,131212.0,301.0,5,4,B,South,0
566,21,181483.0,423.0,5,9,D,North,0
567,60,52991.0,322.0,26,9,C,South,0
568,18,128220.0,310.0,1,6,A,West,0
569,37,155488.0,310.0,25,6,B,North,1
570,46,53192.0,687.0,18,2,B,East,0
571,42,70822.0,767.0,1,9,D,West,0
572,69,161713.0,629.0,0,4,C,West,0
573,23,23204.0,754.0,25,2,C,North,1
574,49,85269.0,411.0,18,4,A,West,1
575,24,32067.0,662.0,31,5,D,South,0
576,24,40252.0,579.0,33,4,A,North,0
577,61,50906.0,317.0,31,2,D,East,0
578,28,28455.0,594.0,17,8,A,West,0
579,59,94451.0,545.0,37,9,D,North,1
580,26,29627.0,731.0,36,7,B,West,1
581,58,82261.0,490.0,35,1,D,South,1
582,33,41108.0,340.0,0,9,B,East,0
583,18,74887.0,692.0,13,3,D,South,0
584,19,184563.0,474.0,20,2,B,East,1
585,53,74870.0,472.0,23,9,B,North,0
586,53,33444.0,400.0,0,7,C,North,0
587,28,109369.0,711.0,35,8,B,East,1
588,18,119740.0,653.0,32,5,A,West,1
589,31,163616.0,414.0,19,2,C,East,1
590,21,21975.0,530.0,13,5,A,West,0
591,51,59374.0,825.0,20,4,B,North,1
592,23,,498.0,34,4,D,South,1
593,29,174915.0,691.0,26,9,C,South,1
594,20,143263.0,683.0,39,6,D,East,1
595,43,80778.0,787.0,32,6,D,South,1
596,59,50006.0,770.0,31,9,B,West,1
597,66,169741.0,325.0,3,3,A,South,0
598,41,,541.0,32,4,D,East,0
599,40,128108.0,654.0,5,2,D,East,0
600,49,44670.0,418.0,10,1,C,South,0
601,27,80142.0,716.0,23,2,B,East,1
602,27,38405.0,429.0,38,4,B,South,0
603,27,65352.0,599.0,35,4,B,South,0
604,63,108472.0,622.0,1,3,C,West,0
605,40,38083.0,399.0,6,7,A,South,0
606,29,66006.0,641.0,12,2,B,East,0
607,51,191003.0,,37,4,A,West,1
608,35,182546.0,685.0,27,9,D,East,1
609,19,183595.0,454.0,39,1,A,North,1
610,59,130357.0,338.0,38,5,A,East,1
611,23,117196.0,376.0,29,2,B,East,1
612,37,63770.0,711.0,15,7,A,South,1
613,62,158201.0,,30,4,A,East,1
614,69,113018.0,756.0,24,6,C,West,1
615,29,131124.0,400.0,5,9,B,West,0
616,22,,632.0,17,9,D,East,0
617,18,77382.0,693.0,37,5,D,North,0
618,63,,820.0,11,8,B,North,1
619,41,117753.0,554.0,9,4,C,East,1
620,66,42901.0,635.0,6,7,D,South,0
621,38,135956.0,360.0,5,7,B,East,0
622,23,106125.0,418.0,30,2,D,North,1
623,44,140499.0,506.0,38,9,D,South,1
624,53,101764.0,525.0,33,3,B,North,1
625,32,199868.0,468.0,34,1,C,South,1
626,47,69110.0,748.0,16,2,D,North,1
627,35,193626.0,560.0,3,3,C,North,0
628,46,22896.0,624.0,19,6,A,North,0
629,20,50216.0,511.0,28,6,A,North,0
630,27,,405.0,24,1,B,North,1
631,43,131135.0,765.0,38,8,C,South,1
632,47,108078.0,668.0,16,9,C,South,1
633,38,173233.0,523.0,36,5,A,West,1
634,60,82706.0,383.0,25,5,D,East,1
635,19,177979.0,363.0,10,3,C,South,1
636,66,28970.0,650.0,12,8,C,West,0
637,26,176576.0,799.0,9,8,B,North,1
638,26,46652.0,459.0,9,6,B,West,0
639,68,60398.0,809.0,19,2,B,South,1
640,63,137331.0,509.0,35,6,D,West,1
641,55,60774.0,638.0,37,7,B,North,0
642,33,144508.0,396.0,11,2,D,South,1
643,60,153117.0,594.0,10,4,D,West,1
644,35,157398.0,,36,6,C,South,1
645,67,125649.0,657.0,19,8,C,South,1
646,67,96827.0,425.0,7,6,B,West,1
647,48,70450.0,802.0,37,9,C,South,1
648,54,57596.0,570.0,15,6,B,North,0
649,38,31270.0,699.0,1,5,C,East,0
650,61,171840.0,359.0,18,2,A,North,1
651,49,45337.0,,34,8,D,South,0
652,67,76548.0,418.0,38,1,A,East,0
653,22,160670.0,647.0,20,1,A,South,1
654,68,,341.0,29,2,D,South,1
655,23,151162.0,792.0,6,1,C,North,1
656,64,112392.0,685.0,23,4,A,North,1
657,47,121138.0,479.0,29,5,A,North,1
658,51,150625.0,647.0,15,1,A,South,1
659,46,22039.0,593.0,28,1,C,North,0
660,30,148122.0,659.0,13,6,C,South,1
661,27,182036.0,481.0,9,9,A,East,1
662,35,153117.0,490.0,6,1,D,South,1
663,23,178235.0,670.0,27,2,B,East,1
664,61,132223.0,676.0,18,7,C,West,1
665,24,127039.0,800.0,5,4,D,East,1
666,67,49507.0,786.0,8,4,A,North,1
667,46,48062.0,431.0,1,4,C,West,0
668,40,118118.0,511.0,38,3,A,North,1
669,50,155070.0,663.0,36,9,B,East,1
670,30,131000.0,410.0,39,8,A,South,1
671,30,20513.0,419.0,0,9,D,West,0
672,40,96195.0,642.0,32,1,B,East,1
673,33,136938.0,482.0,22,2,A,North,1
674,25,20356.0,519.0,26,6,B,West,0
675,57,159672.0,,35,3,C,West,1
676,20,71068.0,730.0,4,5,A,South,0
677,34,77390.0,,1,9,D,South,0
678,35,120986.0,467.0,35,1,A,West,1
679,18,164891.0,473.0,35,1,C,East,1
680,68,174691.0,522.0,34,2,A,East,1
681,39,136645.0,533.0,15,1,C,South,1
682,32,,738.0,22,1,D,South,1
683,53,77681.0,789.0,31,8,C,North,1
684,51,158931.0,604.0,26,2,D,South,1
685,38,51077.0,385.0,30,6,D,South,0
686,32,131817.0,442.0,30,6,A,West,1
687,25,92187.0,684.0,24,2,D,South,1
688,47,81521.0,445.0,33,4,C,West,1
689,44,186171.0,709.0,18,3,B,South,1
690,31,58793.0,683.0,18,8,A,South,0
691,31,,728.0,3,5,B,East,0
692,44,199493.0,567.0,21,3,D,East,1
693,28,65854.0,567.0,28,3,C,West,0
694,20,162965.0,485.0,2,6,B,North,0
695,38,21127.0,507.0,22,2,A,West,0
696,35,38791.0,671.0,13,1,D,West,0
697,46,92630.0,317.0,2,8,D,East,0
698,45,163781.0,597.0,26,3,C,North,1
699,33,136531.0,770.0,37,9,B,South,1
700,29,48341.0,344.0,29,2,D,South,0
701,45,198029.0,621.0,29,1,D,West,1
702,40,47335.0,509.0,13,4,C,West,0
703,47,174044.0,588.0,18,4,C,West,1
704,48,147567.0,372.0,36,8,C,South,1
705,26,174486.0,448.0,28,7,B,East,1
706,31,103214.0,326.0,29,8,D,East,1
707,31,169889.0,603.0,38,6,D,North,1
708,52,97538.0,680.0,2,3,B,North,0
709,37,106208.0,637.0,33,1,D,East,1
710,48,60910.0,554.0,25,6,D,North,0
711,65,132126.0,659.0,6,6,D,West,1
712,36,41940.0,713.0,24,9,C,South,1
713,55,21292.0,,25,4,A,South,0
714,36,23462.0,415.0,10,4,B,East,0
715,23,108012.0,626.0,1,8,D,South,0
716,53,55842.0,766.0,36,5,B,East,1
717,57,174082.0,520.0,23,6,A,West,1
718,61,119268.0,736.0,12,2,C,West,1
719,19,159267.0,605.0,19,6,A,East,1
720,32,132209.0,322.0,38,3,B,North,1
721,43,106790.0,820.0,36,9,D,West,1
722,55,73398.0,714.0,5,9,D,West,0
723,41,134630.0,691.0,21,8,C,West,1
724,22,192979.0,430.0,26,9,B,North,1
725,23,107974.0,561.0,14,2,A,North,1
726,38,,402.0,39,8,B,South,1
727,23,59603.0,301.0,26,1,B,South,0
728,38,125616.0,842.0,5,8,C,North,1
729,23,43837.0,843.0,3,1,B,East,0
730,67,,724.0,14,3,A,East,1
731,64,35279.0,397.0,20,6,C,West,0
732,28,87628.0,782.0,13,7,C,North,1
733,55,85138.0,427.0,19,8,B,South,1
734,55,,650.0,32,8,B,West,0
735,44,123892.0,726.0,20,1,C,West,1
736,63,176842.0,306.0,37,1,D,North,1
737,22,,746.0,33,6,C,West,1
738,36,93673.0,640.0,25,5,D,East,1
739,35,156516.0,438.0,9,3,A,West,1
740,23,166848.0,519.0,1,7,C,South,0
741,34,107572.0,721.0,32,5,D,West,1
742,56,119035.0,650.0,14,9,C,North,1
743,34,142980.0,510.0,33,4,B,South,1
744,64,131790.0,428.0,28,5,D,West,1
745,66,83888.0,456.0,37,9,B,East,1
746,47,173877.0,650.0,32,3,B,West,1
747,61,67064.0,730.0,27,4,B,North,1
748,33,173301.0,387.0,31,3,C,West,1
749,66,89958.0,702.0,19,4,D,West,1
750,30,131832.0,650.0,3,4,A,East,0
751,33,161520.0,328.0,39,2,C,West,1
752,46,107884.0,517.0,9,3,D,East,1
753,55,50086.0,399.0,12,5,B,North,0
754,26,129408.0,568.0,28,3,B,West,1
755,19,35280.0,546.0,13,9,D,South,0
756,61,106125.0,438.0,11,4,B,South,1
757,30,38971.0,725.0,8,1,D,East,1
758,49,48966.0,621.0,29,7,B,South,0
759,27,119408.0,503.0,36,2,D,North,1
760,51,144710.0,,16,7,B,South,1
761,51,101096.0,412.0,25,8,B,West,1
762,61,34847.0,483.0,11,3,B,North,0
763,27,156091.0,579.0,25,2,B,East,1
764,33,87252.0,832.0,12,4,B,South,1
765,19,34059.0,804.0,19,7,A,South,1
766,18,81836.0,767.0,36,1,D,West,1
767,33,164012.0,320.0,19,4,A,North,1
768,49,155562.0,578.0,7,7,B,South,1
769,25,104365.0,574.0,22,5,A,South,1
770,47,164341.0,604.0,16,3,B,West,1
771,47,32692.0,686.0,33,2,A,South,0
772,27,104872.0,526.0,12,1,D,South,1
773,44,28605.0,533.0,2,4,D,West,0
774,36,172282.0,,37,9,C,East,1
775,30,37534.0,426.0,16,4,D,South,0
776,40,192423.0,416.0,11,8,D,West,1
777,36,32233.0,654.0,12,4,A,North,0
778,37,126449.0,787.0,14,1,B,East,1
779,47,43996.0,791.0,32,9,B,West,1
780,48,112733.0,688.0,24,9,D,West,1
781,22,152971.0,693.0,2,1,A,East,0
782,63,154674.0,628.0,22,8,C,East,1
783,46,37543.0,524.0,10,1,B,West,0
784,35,40879.0,440.0,12,7,A,South,0
785,46,70713.0,443.0,34,2,D,South,0
786,52,118380.0,574.0,30,9,A,North,1
787,42,49919.0,600.0,21,6,B,North,0
788,43,43473.0,661.0,31,7,C,West,0
789,58,183887.0,613.0,23,3,C,South,1
790,55,49965.0,471.0,32,9,B,South,0
791,60,24059.0,824.0,6,2,C,East,1
792,62,95086.0,697.0,32,5,A,North,1
793,51,85263.0,782.0,15,7,D,West,1
794,48,118848.0,727.0,4,7,A,East,1
795,35,62652.0,474.0,13,6,C,East,0
796,35,125514.0,637.0,25,6,A,West,1
797,69,26526.0,585.0,2,3,A,West,0
798,27,22270.0,491.0,2,7,D,South,0
799,67,104265.0,795.0,32,7,A,South,1
800,26,120978.0,670.0,24,7,C,West,1
801,67,60952.0,804.0,15,1,B,North,1
802,69,76060.0,444.0,29,3,B,South,0
803,24,85393.0,595.0,0,5,D,North,0
804,36,111937.0,782.0,30,8,D,West,1
805,39,136691.0,615.0,27,2,D,East,1
806,62,198591.0,647.0,24,6,D,West,1
807,59,163280.0,443.0,17,2,D,North,1
808,25,129085.0,353.0,2,9,A,South,0
809,60,128234.0,817.0,28,6,B,North,1
810,68,57295.0,504.0,5,1,B,South,0
811,26,66017.0,663.0,7,4,C,South,0
812,29,,625.0,26,2,A,East,1
813,32,147107.0,382.0,34,7,D,South,1
814,30,121078.0,681.0,6,9,B,East,1
815,54,34743.0,324.0,36,6,C,West,0
816,59,81837.0,768.0,32,9,A,South,1
817,23,131687.0,,31,2,C,South,1
818,45,185701.0,608.0,10,3,C,South,1
819,33,134444.0,737.0,3,4,A,North,1
820,36,59148.0,385.0,16,7,A,South,0
821,61,,374.0,36,2,B,East,0
822,56,159515.0,303.0,30,5,B,West,1
823,47,181254.0,364.0,30,1,A,East,1
824,64,23934.0,692.0,22,7,C,West,0
825,54,161801.0,372.0,33,4,C,East,1
826,64,98848.0,328.0,18,1,C,North,1
827,54,149887.0,607.0,27,1,C,South,1
828,55,33643.0,543.0,4,3,D,East,0
829,43,,324.0,17,2,B,North,0
830,56,160216.0,470.0,31,6,A,North,1
831,24,182140.0,796.0,11,4,A,East,1
832,63,161733.0,440.0,30,7,C,West,1
833,35,162851.0,667.0,10,5,D,North,1
834,31,142900.0,681.0,21,2,D,West,1
835,66,95892.0,726.0,38,3,C,South,1
836,49,58298.0,546.0,39,2,C,South,0
837,33,,536.0,25,3,B,South,0
838,56,152751.0,459.0,2,3,D,East,0
839,21,,644.0,34,1,A,West,1
840,22,129368.0,571.0,17,8,C,North,1
841,47,92518.0,459.0,3,1,D,South,0
842,35,43704.0,566.0,0,4,B,West,0
843,62,191757.0,672.0,11,7,C,West,1
844,45,76265.0,,7,4,D,South,1
845,26,50677.0,678.0,38,5,D,West,0
846,64,30921.0,335.0,14,4,C,North,0
847,22,,805.0,9,1,A,South,1
848,41,172939.0,325.0,31,2,A,West,1
849,64,64619.0,665.0,5,3,D,East,0
850,35,158051.0,478.0,29,6,A,North,1
851,60,41152.0,759.0,8,9,B,East,1
852,41,154952.0,518.0,25,9,D,East,1
853,42,132090.0,790.0,10,7,A,North,1
854,55,116832.0,746.0,10,8,B,East,1
855,48,173274.0,592.0,13,6,C,East,1
856,60,31266.0,470.0,38,5,B,North,0
857,38,60340.0,528.0,23,5,B,North,0
858,57,21272.0,543.0,14,7,B,East,0
859,63,57544.0,438.0,23,4,C,East,0
860,27,103354.0,717.0,36,3,D,South,1
861,21,149550.0,301.0,22,8,B,East,1
862,36,39809.0,768.0,10,5,C,South,1
863,55,32271.0,337.0,7,9,B,West,0
864,32,158625.0,395.0,12,5,B,South,1
865,36,48473.0,683.0,24,8,C,North,0
866,63,88930.0,675.0,23,2,C,North,1
867,62,99105.0,786.0,22,5,B,West,1
868,54,165761.0,381.0,34,6,C,East,1
869,55,139035.0,375.0,12,3,D,East,1
870,27,147746.0,531.0,33,3,D,South,1
871,48,69552.0,707.0,7,1,B,South,1
872,38,155996.0,416.0,15,8,A,South,1
873,56,60426.0,700.0,24,9,C,West,0
874,59,56627.0,586.0,27,6,C,South,0
875,60,153270.0,304.0,1,1,B,West,0
876,31,36732.0,837.0,26,6,A,East,1
877,20,87082.0,749.0,8,9,C,West,1
878,24,176167.0,460.0,37,3,B,East,1
879,36,122373.0,471.0,25,3,A,West,1
880,62,157871.0,809.0,28,7,C,North,1
881,65,59290.0,459.0,18,4,D,East,0
882,32,106682.0,,27,7,A,East,1
883,50,91017.0,431.0,5,9,B,North,0
884,35,104460.0,748.0,12,4,A,East,1
885,30,195611.0,463.0,26,9,B,West,1
886,47,186155.0,758.0,10,2,B,West,1
887,20,184880.0,407.0,9,6,C,South,1
888,67,104195.0,745.0,18,2,A,North,1
889,42,161599.0,543.0,35,8,C,North,1
890,62,101834.0,643.0,18,5,A,East,1
891,65,45151.0,602.0,1,1,A,North,0
892,60,97003.0,319.0,27,9,D,East,1
893,61,192376.0,604.0,4,9,A,East,0
894,52,30140.0,445.0,12,7,D,South,0
895,35,169066.0,626.0,32,4,B,North,1
896,24,71360.0,589.0,27,8,C,East,0
897,40,188697.0,643.0,0,3,A,North,0
898,55,174699.0,383.0,35,7,B,West,1
899,19,68687.0,589.0,34,9,C,East,0
900,35,185308.0,703.0,24,1,D,West,1
901,63,172068.0,631.0,13,7,B,North,1
902,57,30218.0,791.0,9,8,B,West,1
903,53,112096.0,637.0,12,6,D,East,1
904,38,40115.0,348.0,15,5,D,South,0
905,65,187394.0,539.0,13,3,A,West,1
906,40,180179.0,813.0,1,4,C,South,1
907,62,132586.0,695.0,16,3,D,South,1
908,63,67315.0,560.0,32,4,A,South,0
909,67,,549.0,22,5,B,South,1
910,32,79647.0,657.0,38,2,C,South,0
911,45,179134.0,507.0,7,9,B,East,1
912,29,173981.0,831.0,25,3,D,North,1
913,36,,773.0,5,9,B,South,1
914,23,151999.0,378.0,20,3,A,South,1
915,41,,831.0,15,9,C,South,1
916,23,99124.0,541.0,14,3,C,East,1
917,68,195486.0,701.0,29,1,C,West,1
918,28,164290.0,301.0,23,3,D,South,1
919,41,154708.0,790.0,37,2,A,East,1
920,21,122008.0,670.0,39,1,A,North,1
921,27,34980.0,640.0,14,7,C,North,0
922,56,186703.0,418.0,12,2,B,North,1
923,60,67558.0,569.0,9,3,A,East,0
924,32,37639.0,304.0,3,7,A,West,0
925,39,49457.0,623.0,11,3,A,West,0
926,53,53292.0,482.0,31,2,B,West,0
927,58,,333.0,18,3,C,West,1
928,65,199936.0,425.0,9,1,B,North,1
929,31,,660.0,31,8,A,West,1
930,32,173469.0,571.0,15,2,B,North,1
931,44,96183.0,584.0,34,8,C,South,1
932,20,160602.0,768.0,13,1,D,East,1
933,65,199698.0,669.0,23,1,B,West,1
934,55,178690.0,835.0,4,7,B,West,1
935,29,98462.0,326.0,23,8,B,South,1
936,40,80029.0,339.0,15,1,B,North,1
937,50,,703.0,28,4,D,North,1
938,48,109530.0,579.0,39,1,A,East,1
939,58,105823.0,706.0,13,8,B,North,1
940,50,169313.0,584.0,27,3,B,North,1
941,65,151450.0,825.0,15,8,B,East,1
942,63,87085.0,697.0,7,9,B,North,1
943,44,42525.0,659.0,25,3,B,West,0
944,32,196424.0,446.0,9,5,C,East,1
945,44,74532.0,797.0,27,5,B,South,1
946,42,,477.0,14,9,D,North,1
947,41,181777.0,633.0,32,8,D,South,1
948,67,179396.0,537.0,23,3,A,West,1
949,54,181827.0,316.0,37,1,A,North,1
950,18,109376.0,353.0,27,3,C,North,1
951,65,,680.0,20,1,B,South,0
952,22,123117.0,743.0,2,5,B,North,1
953,44,104940.0,834.0,18,8,B,South,1
954,55,72584.0,591.0,33,8,A,South,0
955,22,30627.0,563.0,11,2,C,South,0
956,50,195858.0,439.0,33,5,B,South,1
957,45,112374.0,328.0,18,9,A,West,1
958,48,,803.0,19,2,C,East,1
959,19,41578.0,501.0,24,7,B,East,0
960,46,182757.0,811.0,9,1,C,South,1
961,25,103931.0,636.0,27,3,A,West,1
962,49,171638.0,648.0,28,8,B,West,1
963,36,82969.0,406.0,10,3,D,East,1
964,45,195782.0,776.0,0,8,C,North,1
965,26,23131.0,430.0,11,8,D,South,0
966,26,35060.0,663.0,17,5,C,East,0
967,26,62013.0,,27,8,C,South,1
968,21,46974.0,687.0,33,7,D,West,0
969,22,85118.0,541.0,6,3,B,South,1
970,38,74175.0,402.0,24,8,C,West,0
971,50,49184.0,470.0,9,4,B,South,0
972,44,117063.0,621.0,12,8,C,West,1
973,21,53411.0,489.0,23,1,D,East,0
974,62,,677.0,5,5,D,South,0
975,65,75119.0,643.0,13,3,A,South,0
976,44,181965.0,324.0,7,1,A,West,1
977,40,175261.0,529.0,2,3,D,East,0
978,49,147400.0,753.0,25,3,A,South,1
979,69,182989.0,739.0,33,9,D,East,1
980,40,184076.0,568.0,11,3,D,West,1
981,65,102230.0,718.0,5,8,D,West,1
982,34,,403.0,9,3,D,South,0
983,48,189908.0,522.0,9,8,B,North,1
984,27,194384.0,732.0,35,9,C,North,1
985,45,92018.0,707.0,20,7,B,South,1
986,18,131535.0,706.0,5,5,B,East,1
987,38,124911.0,358.0,39,8,A,North,1
988,48,135314.0,516.0,12,6,B,West,1
989,51,99696.0,664.0,30,7,C,West,1
990,37,65632.0,776.0,14,9,C,East,1
991,35,180820.0,847.0,28,1,D,East,1
992,41,29935.0,412.0,10,5,B,North,0
993,51,171294.0,497.0,27,8,B,South,1
994,62,184740.0,,28,8,B,North,1
995,61,181522.0,659.0,20,2,B,North,1
996,65,104900.0,586.0,23,8,B,West,1
997,65,43168.0,501.0,19,3,D,South,0
998,48,141070.0,421.0,38,2,D,South,1
999,57,91724.0,614.0,15,2,A,South,1
1000,58,130553.0,737.0,30,7,A,North,1
1001,18,121179.0,486.0,33,6,C,South,1
1002,62,,316.0,4,3,B,East,0
1003,60,117931.0,684.0,30,2,A,South,1
1004,52,123722.0,845.0,30,9,C,West,1
1005,67,156346.0,,8,5,D,South,1
1006,52,73528.0,323.0,7,6,B,North,0
1007,31,103657.0,597.0,31,4,D,East,1
1008,59,126770.0,512.0,14,8,C,West,1
1009,25,133514.0,782.0,8,2,B,East,1
1010,65,197304.0,697.0,35,2,C,South,1
1011,64,66963.0,832.0,23,2,D,East,1
1012,51,34971.0,816.0,29,9,C,North,1
1013,21,144458.0,586.0,18,7,A,South,1
1014,60,125611.0,449.0,34,9,A,South,1
1015,29,34223.0,809.0,33,5,C,West,1
1016,46,29400.0,828.0,17,9,B,East,1
1017,52,175491.0,807.0,22,4,A,North,1
1018,47,63816.0,647.0,15,1,B,West,0
1019,24,109016.0,759.0,38,4,D,East,1
1020,28,112228.0,401.0,30,5,A,West,1
1021,41,61566.0,623.0,27,8,A,South,0
1022,65,184753.0,825.0,19,6,C,West,1
1023,43,100897.0,352.0,16,6,D,North,1
1024,38,20268.0,714.0,10,5,B,North,1
1025,36,32710.0,650.0,15,7,B,West,0
1026,46,93239.0,617.0,26,6,C,North,1
1027,29,98631.0,347.0,10,1,D,East,1
1028,41,119526.0,580.0,3,3,D,East,0
1029,26,34926.0,666.0,27,3,C,South,0
1030,42,77710.0,326.0,12,1,A,East,0
1031,35,27753.0,750.0,7,6,C,East,1
1032,40,104268.0,707.0,34,1,A,East,1
1033,57,189087.0,809.0,34,4,A,West,1
1034,28,174039.0,,15,7,A,West,1
1035,39,190917.0,643.0,7,1,A,South,1
1036,50,75910.0,310.0,26,6,C,North,0
1037,31,37104.0,454.0,11,3,B,East,0
1038,59,125743.0,440.0,32,6,C,South,1
1039,20,168729.0,404.0,32,9,C,North,1
1040,33,71697.0,456.0,5,5,B,South,0
1041,39,61039.0,592.0,5,2,C,North,0
1042,38,103105.0,370.0,16,9,B,West,1
1043,27,146116.0,838.0,25,6,B,South,1
1044,54,99356.0,373.0,35,9,B,West,1
1045,34,61342.0,554.0,39,7,C,West,0
1046,65,105234.0,301.0,32,9,D,North,1
1047,46,123801.0,346.0,5,6,C,North,0
1048,37,67414.0,458.0,27,2,D,North,0
1049,23,82997.0,434.0,27,8,A,West,1
1050,69,95699.0,800.0,17,7,B,West,1
1051,45,94577.0,603.0,33,2,D,North,1
1052,60,63326.0,535.0,2,2,A,West,0
1053,31,62022.0,434.0,34,3,A,North,0
1054,68,112700.0,491.0,0,6,D,East,0
1055,36,99466.0,430.0,26,7,D,East,1
1056,26,180916.0,539.0,30,9,A,South,1
1057,53,71565.0,760.0,8,1,B,East,1
1058,63,62894.0,321.0,19,7,C,South,0
1059,63,168711.0,581.0,14,1,A,East,1
1060,24,181603.0,801.0,10,3,D,North,1
1061,61,66759.0,574.0,16,9,A,South,0
1062,27,96473.0,354.0,6,7,D,East,1
1063,18,127343.0,777.0,34,9,D,South,1
1064,67,180224.0,708.0,2,8,A,East,1
1065,24,152148.0,391.0,25,6,B,West,1
1066,38,96541.0,780.0,8,7,D,North,1
1067,60,,768.0,23,3,C,South,1
1068,31,63717.0,368.0,9,2,D,North,0
1069,60,178853.0,327.0,7,8,A,North,1
1070,47,89993.0,373.0,8,4,D,North,1
1071,28,103300.0,680.0,27,9,C,North,1
1072,31,156061.0,735.0,29,6,C,South,1
1073,29,172555.0,620.0,9,1,D,South,1
1074,65,44473.0,599.0,16,7,A,South,0
1075,46,193490.0,319.0,37,3,D,South,1
1076,47,160272.0,624.0,8,1,A,North,1
1077,55,29837.0,360.0,0,8,A,North,0
1078,48,91632.0,478.0,38,5,B,West,1
1079,64,80836.0,765.0,8,6,A,West,1
1080,60,45883.0,743.0,1,3,C,West,0
1081,64,67968.0,357.0,15,6,B,West,0
1082,64,56828.0,815.0,20,2,B,North,1
1083,18,128071.0,662.0,38,9,D,East,1
1084,64,29881.0,622.0,9,8,B,East,0
1085,35,135235.0,428.0,35,4,C,West,1
1086,40,95563.0,590.0,3,8,D,West,0
1087,47,47062.0,435.0,14,3,D,West,0
1088,59,175016.0,536.0,33,5,A,North,1
1089,25,153719.0,608.0,4,7,A,West,0
1090,43,36529.0,705.0,29,6,A,South,1
1091,26,191183.0,766.0,39,2,B,South,1
1092,40,124680.0,448.0,14,2,A,West,1
1093,30,22057.0,815.0,10,1,C,North,1
1094,31,85441.0,330.0,16,4,C,South,1
1095,69,196883.0,551.0,19,2,C,South,1
1096,48,37371.0,412.0,1,2,A,South,0
1097,33,167153.0,506.0,2,6,D,East,0
1098,69,40397.0,337.0,31,9,C,East,0
1099,44,120832.0,591.0,32,1,C,East,1
1100,51,149210.0,834.0,38,5,C,North,1
1101,39,70708.0,424.0,9,8,A,South,0
1102,21,152043.0,411.0,10,5,B,East,1
1103,39,123217.0,480.0,36,5,B,East,1
1104,42,24393.0,686.0,35,7,D,North,0
1105,35,88599.0,,18,3,B,South,1
1106,47,195677.0,405.0,32,6,C,West,1
1107,60,48296.0,558.0,1,1,D,South,0
1108,29,168276.0,443.0,38,8,C,South,1
1109,48,51010.0,529.0,9,3,C,East,0
1110,39,150343.0,526.0,18,2,C,South,1
1111,61,107902.0,482.0,35,3,D,West,1
1112,29,89817.0,542.0,24,9,A,North,1
1113,31,137119.0,634.0,27,4,A,South,1
1114,51,185297.0,811.0,38,8,D,West,1
1115,19,148320.0,764.0,0,6,C,East,1
1116,69,98208.0,630.0,16,7,C,South,1
1117,45,176510.0,794.0,25,8,C,East,1
1118,31,49877.0,634.0,10,3,C,South,0
1119,27,85578.0,568.0,38,4,B,West,1
1120,48,46529.0,714.0,11,5,C,West,1
1121,69,,437.0,16,4,A,North,1
1122,39,36430.0,842.0,23,5,C,North,1
1123,41,135766.0,818.0,38,1,D,West,1
1124,26,29524.0,367.0,9,4,B,South,0
1125,61,113584.0,324.0,2,2,B,West,0
1126,39,97715.0,582.0,29,3,C,West,1
1127,63,85285.0,655.0,31,9,A,North,1
1128,51,153455.0,763.0,8,3,A,East,1
1129,38,111747.0,648.0,21,6,B,North,1
1130,49,192550.0,377.0,12,5,B,North,1
1131,21,104858.0,412.0,12,9,C,West,1
1132,60,83262.0,582.0,33,5,C,West,1
1133,48,107820.0,822.0,10,2,D,West,1
1134,29,118990.0,639.0,24,4,D,South,1
1135,52,29568.0,795.0,29,9,C,East,1
1136,69,86772.0,389.0,4,9,A,West,0
1137,24,25495.0,633.0,27,9,D,West,0
1138,45,77483.0,776.0,17,4,A,East,1
1139,65,152781.0,635.0,17,6,A,West,1
1140,45,147987.0,591.0,33,2,A,South,1
1141,62,56518.0,429.0,3,9,C,South,0
1142,59,60021.0,368.0,28,4,D,North,0
1143,24,197739.0,356.0,23,7,D,East,1
1144,61,77037.0,553.0,24,1,C,West,0
1145,20,97701.0,801.0,25,1,A,East,1
1146,64,106573.0,849.0,34,7,A,East,1
1147,39,78001.0,514.0,16,4,D,East,0
1148,41,150361.0,641.0,10,2,A,East,1
1149,34,101403.0,665.0,34,3,C,North,1
1150,22,185631.0,761.0,29,4,D,East,1
1151,41,178956.0,,20,7,C,East,1
1152,40,155146.0,615.0,34,9,D,East,1
1153,51,163697.0,615.0,23,4,D,West,1
1154,64,,359.0,18,2,A,East,1
1155,64,193078.0,454.0,31,4,B,East,1
1156,37,58506.0,362.0,6,9,A,North,0
1157,67,184847.0,309.0,37,4,A,South,1
1158,33,98461.0,565.0,16,8,D,East,1
1159,58,69035.0,718.0,1,8,B,North,0
1160,40,22557.0,416.0,1,2,C,West,0
1161,61,117894.0,434.0,2,1,D,East,0
1162,34,105908.0,661.0,15,6,B,East,1
1163,67,152104.0,777.0,23,2,B,South,1
1164,18,20293.0,585.0,16,5,D,North,0
1165,43,178261.0,304.0,31,1,C,South,1
1166,45,30544.0,743.0,12,3,D,West,1
1167,21,196315.0,572.0,7,8,B,North,1
1168,34,195045.0,300.0,18,6,B,North,1
1169,44,125728.0,483.0,4,2,B,South,0
1170,55,187066.0,650.0,1,5,D,North,0
1171,18,143274.0,574.0,31,7,B,East,1
1172,54,157997.0,505.0,4,8,B,East,0
1173,56,85027.0,475.0,37,7,A,North,1
1174,69,94822.0,619.0,22,8,B,South,1
1175,46,29675.0,339.0,2,9,D,West,0
1176,60,35158.0,343.0,5,2,B,North,0
1177,50,164925.0,752.0,2,2,A,South,1
1178,49,167540.0,453.0,12,5,C,North,1
1179,23,24278.0,331.0,15,4,B,East,0
1180,38,100331.0,354.0,39,6,D,South,1
1181,50,53878.0,604.0,6,7,B,North,0
1182,51,168571.0,590.0,17,5,D,North,1
1183,38,47779.0,760.0,14,3,C,North,1
1184,69,26666.0,473.0,1,6,B,South,0
1185,54,185554.0,484.0,6,5,D,East,1
1186,31,174871.0,378.0,29,1,C,West,1
1187,55,112041.0,793.0,37,4,A,East,1
1188,33,75697.0,760.0,14,3,C,South,1
1189,23,83091.0,800.0,12,1,B,South,1
1190,25,39851.0,787.0,26,2,D,North,1
1191,44,35213.0,,11,7,A,West,1
1192,18,46543.0,779.0,3,7,A,East,0
1193,46,152424.0,356.0,12,6,C,South,1
1194,26,,596.0,21,3,B,West,1
1195,55,157537.0,652.0,36,3,A,East,1
1196,35,25024.0,692.0,5,6,B,West,0
1197,41,24963.0,423.0,26,6,D,South,0
1198,29,45823.0,503.0,21,3,D,West,0
1199,60,184319.0,831.0,12,3,A,West,1
1200,57,135941.0,341.0,16,2,C,North,1
1201,32,42152.0,340.0,19,9,B,South,0
1202,50,50610.0,708.0,39,9,A,South,1
1203,40,87623.0,839.0,31,8,B,West,1
1204,25,127150.0,783.0,27,5,C,East,1
1205,59,138982.0,363.0,33,2,B,West,1
1206,54,120120.0,821.0,38,4,D,East,1
1207,33,48831.0,834.0,14,6,D,East,1
1208,18,78627.0,308.0,38,1,D,East,0
1209,18,24817.0,590.0,3,5,A,North,0
1210,35,,749.0,28,5,B,West,1
1211,31,87349.0,460.0,31,1,C,West,1
1212,40,,841.0,0,3,C,North,1
1213,59,147934.0,451.0,10,6,C,East,1
1214,20,67554.0,557.0,39,1,A,South,0
1215,42,192517.0,739.0,19,9,A,East,1
1216,60,32431.0,451.0,14,7,D,North,0
1217,58,104673.0,429.0,18,9,C,East,1
1218,55,45991.0,803.0,29,1,A,North,1
1219,45,187578.0,601.0,19,1,A,East,1
1220,21,120353.0,754.0,0,9,A,South,1
1221,32,92756.0,,39,6,B,North,1
1222,19,85803.0,486.0,35,5,A,West,1
1223,69,120554.0,846.0,23,9,C,North,1
1224,63,121031.0,772.0,1,7,D,East,1
1225,58,109177.0,627.0,12,1,C,South,1
1226,36,195947.0,549.0,24,3,A,West,1
1227,48,159020.0,818.0,29,9,A,South,1
1228,35,122070.0,419.0,28,2,A,South,1
1229,44,103430.0,739.0,20,4,D,West,1
1230,66,58446.0,363.0,17,1,B,West,0
1231,28,123588.0,770.0,7,1,A,South,1
1232,52,102514.0,322.0,15,9,B,East,1
1233,38,52286.0,525.0,17,8,B,South,0
1234,46,59412.0,761.0,39,2,A,West,1
1235,66,90972.0,596.0,32,3,B,West,1
1236,39,180002.0,574.0,18,4,C,West,1
1237,25,132336.0,411.0,2,5,B,North,0
1238,59,41008.0,723.0,17,3,B,East,1
1239,48,195345.0,543.0,33,6,A,West,1
1240,40,47118.0,609.0,6,5,D,South,0
1241,51,56841.0,308.0,31,4,A,North,0
1242,23,32199.0,575.0,37,3,C,South,0
1243,43,196181.0,593.0,18,7,A,East,1
1244,18,51916.0,506.0,23,6,D,North,0
1245,21,76572.0,513.0,39,9,D,West,0
1246,22,,743.0,18,2,D,South,1
1247,41,143603.0,408.0,18,6,A,West,1
1248,61,,634.0,20,1,D,North,1
1249,40,142421.0,342.0,2,5,D,North,0
1250,38,188167.0,316.0,6,2,B,West,1
1251,37,94589.0,625.0,29,4,A,North,1
1252,65,65815.0,323.0,1,4,A,North,0
1253,41,58476.0,735.0,30,5,C,North,1
1254,66,96581.0,845.0,9,4,D,South,1
1255,61,133047.0,651.0,20,8,B,West,1
1256,45,136351.0,545.0,10,3,C,South,1
1257,47,92680.0,463.0,1,1,A,West,0
1258,27,164627.0,308.0,9,8,D,East,1
1259,39,165357.0,745.0,16,4,D,North,1
1260,40,148761.0,663.0,6,8,B,North,1
1261,27,127879.0,679.0,23,9,A,East,1
1262,47,114837.0,747.0,13,4,B,West,1
1263,66,193001.0,716.0,6,5,A,South,1
1264,48,184879.0,835.0,35,9,A,West,1
1265,18,26345.0,528.0,3,3,A,West,0
1266,39,69196.0,498.0,37,8,C,North,0
1267,44,127219.0,831.0,18,1,D,North,1
1268,51,129336.0,533.0,18,7,D,East,1
1269,66,169198.0,459.0,0,6,B,East,0
1270,19,,677.0,13,8,C,North,1
1271,33,142805.0,400.0,32,6,A,South,1
1272,21,67301.0,541.0,15,3,A,South,0
1273,18,146884.0,527.0,17,8,A,North,1
1274,32,179118.0,421.0,17,3,C,West,1
1275,67,54640.0,518.0,8,5,C,West,0
1276,33,101921.0,656.0,31,8,C,North,1
1277,61,168016.0,635.0,39,6,C,South,1
1278,44,136396.0,521.0,24,6,D,South,1
1279,44,177991.0,768.0,30,1,B,West,1
1280,67,,411.0,18,6,A,East,0
1281,63,106490.0,770.0,4,3,A,East,1
1282,34,90043.0,345.0,33,8,D,South,1
1283,54,84580.0,829.0,17,7,A,South,1
1284,39,107868.0,385.0,34,8,B,East,1
1285,51,57290.0,729.0,25,3,C,North,1
1286,31,46236.0,665.0,28,3,A,West,0
1287,43,41661.0,395.0,10,4,B,South,0
1288,23,149480.0,451.0,8,9,C,North,1
1289,68,97730.0,744.0,32,2,A,South,1
1290,33,119212.0,836.0,29,6,D,South,1
1291,47,56957.0,592.0,30,1,B,East,0
1292,50,156670.0,691.0,6,3,A,North,1
1293,34,25670.0,649.0,24,4,B,East,0
1294,26,100868.0,511.0,4,3,D,West,0
1295,66,49893.0,338.0,22,8,A,East,0
1296,39,28119.0,672.0,15,4,A,North,0
1297,43,182864.0,,21,1,D,East,1
1298,34,180109.0,785.0,38,6,A,South,1
1299,64,74751.0,841.0,6,5,D,East,1
1300,53,108681.0,507.0,35,5,C,North,1
1301,51,,,8,1,D,East,0
1302,44,45941.0,733.0,19,3,C,North,1
1303,63,186638.0,721.0,26,6,C,West,1
1304,56,27917.0,787.0,13,6,B,East,1
1305,53,46311.0,560.0,32,9,C,West,0
1306,34,70609.0,619.0,14,6,D,West,0
1307,54,139159.0,455.0,18,6,D,East,1
1308,32,70466.0,371.0,2,4,D,North,0
1309,42,,534.0,18,2,A,West,1
1310,66,106841.0,633.0,34,4,B,South,1
1311,49,111717.0,411.0,5,3,C,South,0
1312,69,146453.0,403.0,36,3,B,East,1
1313,18,42207.0,597.0,33,4,C,North,0
1314,38,177666.0,346.0,20,6,B,East,1
1315,21,106055.0,422.0,37,6,B,South,1
1316,63,111817.0,511.0,18,3,A,West,1
1317,39,108929.0,698.0,14,5,A,West,1
1318,47,56991.0,459.0,14,4,D,South,0
1319,60,48530.0,423.0,6,6,C,East,0
1320,30,86774.0,522.0,3,3,A,East,0
1321,28,67676.0,351.0,28,7,B,North,0
1322,54,,385.0,35,2,A,West,0
1323,50,24430.0,433.0,31,5,A,South,0
1324,44,105208.0,349.0,4,7,B,South,0
1325,37,198813.0,401.0,9,6,A,West,1
1326,48,32311.0,308.0,39,8,C,East,0
1327,64,189024.0,502.0,24,1,A,East,1
1328,66,139562.0,491.0,16,2,A,South,1
1329,47,164956.0,684.0,14,7,C,West,1
1330,57,183377.0,379.0,13,8,A,North,1
1331,18,170022.0,313.0,21,1,B,North,1
1332,61,188279.0,693.0,16,4,A,East,1
1333,41,141531.0,424.0,11,8,D,South,1
1334,21,122371.0,395.0,25,6,A,North,1
1335,18,116293.0,795.0,2,7,A,South,1
1336,23,,722.0,12,5,C,East,1
1337,23,73916.0,607.0,38,5,B,East,0
1338,66,189931.0,775.0,6,8,C,South,1
1339,58,167817.0,510.0,5,3,A,East,0
1340,52,155906.0,525.0,4,6,A,North,0
1341,62,135026.0,674.0,0,5,B,North,0
1342,61,151868.0,804.0,35,3,D,North,1
1343,44,149199.0,454.0,21,1,B,West,1
1344,35,24341.0,492.0,27,1,B,East,0
1345,54,96864.0,,27,8,B,East,1
1346,51,178358.0,817.0,8,8,A,North,1
1347,51,178756.0,349.0,35,4,A,North,1
1348,69,70833.0,565.0,30,1,B,West,0
1349,67,,676.0,1,5,B,West,0
1350,18,65366.0,366.0,38,4,B,East,0
1351,19,154731.0,584.0,12,2,B,North,1
1352,49,110454.0,592.0,3,5,D,East,0
1353,31,69349.0,303.0,31,2,C,South,0
1354,38,55537.0,594.0,23,7,D,West,0
1355,56,148816.0,560.0,38,4,A,South,1
1356,41,94766.0,519.0,4,9,A,East,0
1357,46,60399.0,374.0,30,4,D,South,0
1358,37,190146.0,448.0,13,2,B,West,1
1359,40,198682.0,397.0,36,4,A,East,1
1360,58,194247.0,790.0,36,5,C,East,1
1361,42,173601.0,727.0,29,1,C,West,1
1362,49,199197.0,492.0,19,9,C,West,1
1363,53,50184.0,346.0,10,5,C,West,0
1364,23,174012.0,815.0,34,8,D,South,1
1365,30,37087.0,538.0,7,5,D,South,0
1366,37,114950.0,392.0,10,8,D,West,1
1367,36,187988.0,760.0,30,1,C,North,1
1368,31,49676.0,816.0,24,1,A,East,1
1369,48,76210.0,348.0,18,7,D,West,0
1370,55,41849.0,603.0,38,4,B,West,0
1371,42,132954.0,,37,5,A,West,1
1372,46,50673.0,488.0,36,1,C,East,0
1373,29,139713.0,583.0,25,5,D,South,1
1374,60,108012.0,559.0,3,2,B,North,0
1375,48,122119.0,609.0,8,4,A,East,1
1376,61,124818.0,742.0,0,3,B,West,1
1377,49,178219.0,555.0,0,1,A,South,0
1378,37,170680.0,721.0,3,1,A,North,1
1379,54,,767.0,39,9,D,South,1
1380,45,160333.0,511.0,1,1,B,East,0
1381,22,166924.0,557.0,32,8,C,East,1
1382,33,124613.0,396.0,6,4,D,South,1
1383,50,88260.0,843.0,25,7,B,East,1
1384,67,,,26,5,D,East,1
1385,26,142836.0,643.0,9,5,B,North,1
1386,40,129582.0,712.0,10,5,B,West,1
1387,57,122383.0,735.0,35,7,C,East,1
1388,35,124587.0,797.0,26,7,B,West,1
1389,61,84872.0,594.0,38,2,B,East,1
1390,36,,784.0,24,3,B,North,1
1391,25,191814.0,435.0,29,7,B,South,1
1392,61,198380.0,739.0,13,4,D,West,1
1393,53,21894.0,413.0,25,6,A,South,0
1394,35,72937.0,780.0,23,6,A,East,1
1395,68,106753.0,452.0,27,4,B,West,1
1396,62,53140.0,505.0,11,5,A,North,0
1397,51,143860.0,311.0,35,8,A,East,1
1398,50,134905.0,426.0,23,7,D,East,1
1399,62,199290.0,575.0,19,4,C,North,1
1400,45,47630.0,588.0,39,3,D,South,0
1401,37,20270.0,663.0,4,3,A,West,0
1402,32,174435.0,670.0,12,9,C,East,1
1403,50,180409.0,629.0,16,2,A,North,1
1404,59,197002.0,502.0,33,5,A,West,1
1405,23,50908.0,563.0,30,2,C,West,0
1406,33,89303.0,382.0,10,1,D,East,1
1407,30,155142.0,368.0,33,5,D,South,1
1408,64,49847.0,673.0,3,6,C,East,0
1409,54,149651.0,388.0,9,1,B,South,1
1410,35,32731.0,635.0,21,8,C,West,0
1411,24,170285.0,753.0,27,1,B,East,1
1412,40,59704.0,393.0,15,7,A,East,0
1413,32,84226.0,355.0,36,8,C,South,1
1414,47,43778.0,676.0,5,3,D,East,0
1415,69,133760.0,314.0,28,2,B,North,1
1416,23,,468.0,18,6,B,East,1
1417,29,135852.0,498.0,17,3,D,North,1
1418,44,90410.0,709.0,32,5,C,East,1
1419,45,24279.0,334.0,32,2,C,North,0
1420,42,155310.0,459.0,24,5,A,North,1
1421,62,108132.0,700.0,34,9,D,North,1
1422,31,145423.0,374.0,0,4,C,East,0
1423,52,111850.0,780.0,4,5,C,West,1
1424,36,134361.0,348.0,4,5,D,South,0
1425,40,49921.0,794.0,6,9,B,East,1
1426,62,170110.0,785.0,12,7,A,East,1
1427,35,139165.0,390.0,23,8,A,South,1
1428,20,194271.0,464.0,9,8,A,North,1
1429,34,195632.0,516.0,34,5,D,West,1
1430,44,46656.0,575.0,38,1,C,East,0
1431,57,194939.0,601.0,20,8,A,East,1
1432,36,147307.0,748.0,39,5,D,West,1
1433,59,151001.0,796.0,22,9,C,North,1
1434,48,43731.0,546.0,35,4,D,North,0
1435,52,195438.0,845.0,6,7,B,North,1
1436,63,65093.0,750.0,19,3,B,East,1
1437,28,196845.0,626.0,3,6,D,East,0
1438,48,171366.0,839.0,12,2,A,East,1
1439,65,100851.0,774.0,5,1,D,South,1
1440,58,81905.0,431.0,6,9,B,North,1
1441,64,191402.0,794.0,34,4,C,North,1
1442,64,96751.0,455.0,12,9,D,East,1
1443,29,105083.0,708.0,28,5,C,South,1
1444,34,44129.0,546.0,14,2,D,West,0
1445,56,27281.0,667.0,4,8,A,South,0
1446,40,85890.0,728.0,7,9,D,South,1
1447,32,137556.0,630.0,5,8,B,South,0
1448,61,168300.0,345.0,34,9,D,North,1
1449,33,77405.0,792.0,15,4,B,East,1
1450,59,30372.0,351.0,11,6,D,North,0
1451,37,198429.0,450.0,25,4,C,South,1
1452,52,44310.0,476.0,5,9,B,North,0
1453,48,85117.0,453.0,11,9,B,South,1
1454,51,46229.0,441.0,28,7,D,East,0
1455,18,85015.0,761.0,24,1,A,North,1
1456,35,29991.0,704.0,17,6,D,North,1
1457,61,91004.0,490.0,30,3,B,West,1
1458,26,76670.0,424.0,14,6,C,West,0
1459,18,21706.0,627.0,7,4,B,West,0
1460,66,101609.0,413.0,30,3,A,East,1
1461,59,74093.0,611.0,25,8,A,East,0
1462,45,84264.0,419.0,13,5,D,South,1
1463,65,106229.0,316.0,12,9,D,South,1
1464,24,152536.0,597.0,31,8,D,West,1
1465,52,198989.0,568.0,17,4,D,West,1
1466,30,83307.0,691.0,17,2,B,West,1
1467,68,102324.0,,36,1,A,North,1
1468,22,109557.0,636.0,3,6,B,West,0
1469,43,138596.0,844.0,36,7,B,South,1
1470,65,27275.0,450.0,13,3,C,North,0
1471,64,56156.0,726.0,17,9,D,East,1
1472,26,73159.0,547.0,2,1,A,East,0
1473,68,131204.0,702.0,23,4,D,North,1
1474,65,,843.0,6,2,C,West,1
1475,63,22576.0,348.0,23,2,D,South,0
1476,24,145441.0,614.0,4,1,A,West,0
1477,48,99116.0,727.0,23,4,A,South,1
1478,33,,489.0,3,3,D,West,0
1479,23,144042.0,512.0,8,1,C,West,1
1480,57,117334.0,658.0,38,5,B,South,1
1481,54,181082.0,496.0,26,7,C,West,1
1482,42,33905.0,796.0,2,7,A,West,0
1483,54,128812.0,742.0,0,2,A,South,1
1484,34,163065.0,651.0,12,5,A,South,1
1485,61,89435.0,479.0,38,5,B,West,1
1486,45,174473.0,369.0,13,2,C,North,1
1487,63,184096.0,659.0,27,1,B,North,1
1488,30,20787.0,,37,6,A,North,0
1489,62,99848.0,314.0,20,1,B,North,1
1490,53,89668.0,520.0,22,8,B,South,1
1491,25,108956.0,326.0,24,9,C,West,1
1492,24,198566.0,449.0,33,6,C,East,1
1493,45,,393.0,39,1,C,North,1
1494,42,147785.0,590.0,17,3,D,North,1
1495,66,24594.0,797.0,27,7,C,West,1
1496,63,38898.0,439.0,38,3,B,North,0
1497,54,174686.0,,32,5,B,East,1
1498,42,181370.0,537.0,0,4,C,South,0
1499,38,96633.0,,13,5,D,North,1
1500,23,63906.0,554.0,38,7,B,South,0
1501,59,175708.0,762.0,21,3,B,East,1
1502,46,47096.0,,2,6,D,West,0
1503,62,44582.0,424.0,27,4,B,West,0
1504,59,78679.0,356.0,20,8,B,North,0
1505,65,124200.0,469.0,0,7,C,South,0
1506,61,87384.0,,6,9,D,North,1
1507,48,150454.0,601.0,33,3,C,South,1
1508,44,145051.0,480.0,4,2,C,West,0
1509,45,139942.0,485.0,9,7,D,East,1
1510,21,78513.0,515.0,2,8,A,North,0
1511,25,29309.0,336.0,34,4,C,West,0
1512,36,153224.0,626.0,5,3,D,East,0
1513,52,48120.0,616.0,16,5,C,West,0
1514,46,98689.0,539.0,39,8,B,West,1
1515,46,93810.0,816.0,10,6,A,South,1
1516,67,60504.0,380.0,25,9,D,West,0
1517,61,89443.0,438.0,32,4,D,East,1
1518,33,158051.0,368.0,15,6,B,West,1
1519,64,154052.0,614.0,36,9,D,South,1
1520,37,40312.0,758.0,16,6,A,North,1
1521,51,154268.0,530.0,12,4,A,West,1
1522,65,199832.0,846.0,15,3,C,West,1
1523,58,90089.0,314.0,18,8,D,North,1
1524,41,69525.0,728.0,33,1,C,West,1
1525,65,194667.0,342.0,4,9,A,South,0
1526,33,50233.0,,37,1,B,North,0
1527,61,36759.0,647.0,2,1,C,South,0
1528,58,177016.0,625.0,0,9,B,East,0
1529,68,115713.0,506.0,15,9,B,North,1
1530,55,148894.0,538.0,35,3,B,South,1
1531,53,139650.0,766.0,20,4,D,West,1
1532,47,26927.0,528.0,35,7,A,North,0
1533,39,,472.0,3,1,C,East,0
1534,24,192030.0,371.0,24,8,D,East,1
1535,28,145385.0,674.0,33,3,D,West,1
1536,66,161316.0,305.0,21,3,C,West,1
1537,67,149705.0,662.0,8,8,A,West,1
1538,56,142299.0,752.0,25,3,A,West,1
1539,27,168690.0,555.0,10,4,B,West,1
1540,44,184228.0,529.0,34,8,D,North,1
1541,21,175935.0,641.0,34,1,C,North,1
1542,52,,581.0,12,6,C,North,0
1543,34,145856.0,628.0,15,4,D,East,1
1544,44,96049.0,666.0,26,7,A,South,1
1545,65,122532.0,564.0,22,9,B,East,1
1546,47,116424.0,539.0,11,7,D,East,1
1547,53,48739.0,398.0,7,2,C,East,0
1548,64,91247.0,447.0,33,6,B,East,1
1549,39,81860.0,654.0,19,5,A,West,1
1550,42,125167.0,527.0,15,5,B,West,1
1551,59,33192.0,788.0,12,8,A,North,1
1552,41,,424.0,4,9,C,South,0
1553,21,77814.0,741.0,8,9,C,North,1
1554,55,154326.0,708.0,5,1,B,West,1
1555,66,31234.0,545.0,2,7,A,West,0
1556,27,148260.0,451.0,8,1,D,North,1
1557,47,99391.0,383.0,9,9,B,East,1
1558,68,140296.0,495.0,34,2,C,East,1
1559,69,116636.0,512.0,20,8,A,South,1
1560,65,78640.0,550.0,0,7,A,East,0
1561,65,23817.0,776.0,5,6,D,South,0
1562,38,85760.0,676.0,39,4,D,West,1
1563,20,103127.0,506.0,10,3,D,West,1
1564,27,69721.0,304.0,27,6,D,North,0
1565,29,190615.0,460.0,34,5,B,West,1
1566,52,,397.0,22,1,C,East,1
1567,51,132185.0,514.0,3,5,D,West,0
1568,61,72030.0,814.0,7,1,C,North,1
1569,50,73871.0,338.0,38,5,C,North,0
1570,38,37322.0,,19,5,C,South,0
1571,53,199660.0,554.0,15,6,D,North,1
1572,67,160218.0,706.0,18,8,D,North,1
1573,29,76180.0,459.0,39,8,C,South,0
1574,52,127130.0,755.0,22,7,B,North,1
1575,32,143693.0,466.0,25,4,A,East,1
1576,37,172692.0,486.0,24,5,B,West,1
1577,36,106105.0,671.0,17,3,C,West,1
1578,32,109487.0,761.0,26,2,D,East,1
1579,44,165732.0,608.0,27,2,D,South,1
1580,34,116572.0,435.0,12,8,B,East,1
1581,23,69170.0,342.0,28,6,D,West,0
1582,21,,534.0,39,2,D,East,1
1583,31,189761.0,714.0,0,4,A,North,1
1584,24,75703.0,776.0,38,1,B,West,1
1585,68,62062.0,738.0,28,5,B,West,1
1586,19,42173.0,439.0,18,8,B,North,0
1587,63,59681.0,426.0,9,1,B,East,0
1588,32,196901.0,841.0,33,5,C,West,1
1589,29,173761.0,500.0,2,6,C,North,0
1590,68,,469.0,39,8,B,East,1
1591,42,145408.0,839.0,22,8,C,East,1
1592,27,180397.0,677.0,24,2,B,East,1
1593,32,43809.0,746.0,37,5,A,East,1
1594,44,149097.0,418.0,1,3,B,North,0
1595,58,158655.0,668.0,30,5,C,West,1
1596,36,54675.0,709.0,15,5,C,South,1
1597,63,,421.0,25,6,B,South,1
1598,41,171330.0,329.0,28,9,A,East,1
1599,29,172931.0,478.0,21,6,D,East,1
1600,49,108740.0,429.0,33,8,D,West,1
1601,53,192599.0,312.0,20,4,A,South,1
1602,39,61015.0,421.0,0,6,A,East,0
1603,42,21738.0,596.0,12,6,A,East,0
1604,65,78659.0,338.0,32,8,B,East,0
1605,61,58027.0,582.0,8,3,B,East,0
1606,68,142738.0,464.0,21,8,A,North,1
1607,41,31125.0,712.0,3,5,A,East,0
1608,39,44456.0,754.0,16,5,B,West,1
1609,58,133175.0,665.0,23,6,C,South,1
1610,69,153667.0,555.0,39,5,C,West,1
1611,60,31388.0,782.0,26,1,B,East,1
1612,26,151539.0,368.0,38,6,D,East,1
1613,69,103667.0,555.0,19,5,C,East,1
1614,18,99287.0,719.0,25,7,D,East,1
1615,66,93881.0,555.0,15,8,B,South,1
1616,24,116628.0,496.0,1,2,D,West,0
1617,35,53165.0,518.0,15,6,B,West,0
1618,53,40565.0,775.0,37,6,C,East,1
1619,52,100012.0,454.0,6,7,A,South,1
1620,49,117323.0,816.0,3,4,C,East,1
1621,52,71483.0,836.0,28,1,B,South,1
1622,32,138476.0,755.0,31,2,B,North,1
1623,46,35854.0,561.0,28,6,A,South,0
1624,63,63150.0,792.0,5,4,A,South,0
1625,29,97716.0,544.0,17,7,C,West,1
1626,61,49441.0,307.0,21,3,A,South,0
1627,48,94878.0,386.0,23,8,A,West,1
1628,20,120311.0,378.0,18,6,C,South,1
1629,33,163967.0,755.0,6,3,A,North,1
1630,45,146647.0,452.0,2,9,A,South,0
1631,69,152065.0,494.0,34,2,C,North,1
1632,40,64017.0,806.0,1,7,C,South,0
1633,43,79867.0,725.0,8,3,D,North,1
1634,19,184178.0,336.0,2,7,B,North,0
1635,54,77933.0,369.0,13,4,D,East,0
1636,63,22331.0,609.0,29,1,C,West,0
1637,32,97794.0,317.0,19,1,C,West,1
1638,50,189022.0,845.0,0,1,D,South,1
1639,66,169663.0,704.0,25,6,C,North,1
1640,43,100843.0,581.0,18,3,A,West,1
1641,69,,820.0,31,1,A,West,1
1642,22,188009.0,543.0,11,7,D,North,1
1643,53,51172.0,447.0,28,4,A,North,0
1644,44,190097.0,658.0,4,8,D,West,0
1645,25,163653.0,459.0,12,1,B,South,1
1646,57,123400.0,733.0,25,6,C,West,1
1647,65,181431.0,438.0,10,3,D,North,1
1648,28,183549.0,309.0,12,8,C,North,1
1649,24,85065.0,344.0,3,4,D,North,0
1650,61,120874.0,303.0,30,7,C,South,1
1651,54,119059.0,776.0,6,3,C,West,1
1652,29,129547.0,600.0,29,3,B,South,1
1653,55,155573.0,694.0,36,2,B,West,1
1654,54,90148.0,664.0,29,3,C,South,1
1655,66,163375.0,494.0,37,9,D,North,1
1656,47,26811.0,446.0,10,2,C,East,0
1657,62,92606.0,630.0,23,2,B,North,1
1658,32,139877.0,638.0,19,3,D,South,1
1659,61,137027.0,660.0,3,6,D,North,0
1660,56,77931.0,602.0,13,7,C,South,0
1661,65,99283.0,830.0,16,5,B,East,1
1662,55,116661.0,692.0,26,2,B,North,1
1663,57,53658.0,711.0,36,1,C,West,1
1664,20,158146.0,834.0,20,3,A,South,1
1665,39,193063.0,825.0,0,5,D,East,1
1666,33,161047.0,418.0,22,2,B,East,1
1667,34,76993.0,392.0,24,3,B,South,0
1668,66,23509.0,358.0,14,9,D,West,0
1669,67,144903.0,727.0,6,3,C,West,1
1670,41,50545.0,590.0,10,5,D,West,0
1671,22,113549.0,767.0,13,8,A,North,1
1672,62,198177.0,525.0,1,4,D,South,0
1673,59,81402.0,412.0,20,6,C,East,1
1674,60,79783.0,563.0,36,7,B,South,0
1675,35,87284.0,465.0,21,7,C,West,1
1676,22,147756.0,363.0,31,6,A,West,1
1677,20,98849.0,592.0,10,7,C,East,1
1678,54,88331.0,632.0,18,9,B,West,1
1679,49,,420.0,39,3,D,West,1
1680,45,73457.0,430.0,22,3,C,West,0
1681,55,25662.0,407.0,7,2,C,West,0
1682,38,182802.0,599.0,39,8,A,South,1
1683,53,171635.0,832.0,10,7,C,South,1
1684,55,33402.0,608.0,23,2,C,West,0
1685,41,182776.0,319.0,39,9,D,South,1
1686,21,174360.0,533.0,27,3,B,South,1
1687,56,156080.0,,28,5,B,West,1
1688,58,30437.0,538.0,34,9,D,North,0
1689,50,159587.0,401.0,18,3,A,West,1
1690,38,84543.0,540.0,12,8,C,East,1
1691,27,38752.0,604.0,30,8,C,West,0
1692,37,124791.0,726.0,37,2,A,West,1
1693,34,33604.0,824.0,1,8,A,East,0
1694,52,92953.0,363.0,15,9,D,South,1
1695,54,156482.0,483.0,19,4,D,East,1
1696,29,98578.0,637.0,39,4,A,South,1
1697,24,166636.0,342.0,6,4,D,East,1
1698,62,111032.0,780.0,11,7,C,West,1
1699,58,139661.0,413.0,1,1,A,South,0
1700,46,174545.0,660.0,12,5,D,South,1
1701,44,172418.0,539.0,23,4,A,North,1
1702,37,66637.0,447.0,7,6,C,West,0
1703,49,171196.0,431.0,20,6,C,East,1
1704,25,149950.0,832.0,37,4,D,South,1
1705,28,139479.0,347.0,19,4,D,East,1
1706,29,193489.0,528.0,8,1,D,South,1
1707,38,61843.0,504.0,15,2,C,West,0
1708,54,155367.0,479.0,20,1,D,South,1
1709,52,24832.0,536.0,3,6,D,West,0
1710,63,102790.0,596.0,8,1,D,East,1
1711,52,130132.0,360.0,24,2,C,East,1
1712,52,87884.0,827.0,3,6,D,East,1
1713,42,188216.0,347.0,3,7,C,West,0
1714,62,80378.0,396.0,34,9,D,South,1
1715,69,172898.0,323.0,14,4,C,North,1
1716,61,,426.0,0,2,D,East,0
1717,31,125498.0,512.0,31,7,D,North,1
1718,56,,513.0,17,1,D,North,0
1719,28,86272.0,423.0,30,5,C,West,1
1720,51,196713.0,814.0,36,9,D,North,1
1721,54,36679.0,750.0,5,3,D,South,0
1722,62,162417.0,,32,4,A,South,1
1723,60,32967.0,802.0,25,2,C,North,1
1724,25,,625.0,22,6,D,North,1
1725,39,147060.0,356.0,13,1,D,West,1
1726,55,107360.0,300.0,1,6,A,West,0
1727,36,105212.0,614.0,16,8,A,North,1
1728,43,124952.0,331.0,0,1,A,North,0
1729,47,192294.0,462.0,9,7,A,East,1
1730,50,48065.0,767.0,12,2,D,West,1
1731,68,94366.0,759.0,3,7,C,South,1
1732,46,172828.0,596.0,16,8,A,North,1
1733,35,139089.0,474.0,17,6,A,East,1
1734,37,133338.0,577.0,8,1,B,South,1
1735,44,22729.0,644.0,7,3,A,East,0
1736,62,187558.0,430.0,17,5,B,North,1
1737,53,138493.0,400.0,12,3,D,South,1
1738,59,21020.0,839.0,32,6,D,South,1
1739,61,,555.0,32,9,A,East,1
1740,47,192450.0,770.0,21,2,B,North,1
1741,63,36340.0,795.0,18,1,A,South,1
1742,49,55119.0,509.0,23,9,B,West,0
1743,69,30268.0,561.0,5,2,D,East,0
1744,26,135934.0,600.0,14,5,B,South,1
1745,23,47393.0,396.0,7,5,C,South,0
1746,22,137619.0,334.0,8,3,C,East,1
1747,53,45942.0,647.0,4,3,A,East,0
1748,61,22862.0,546.0,31,4,D,East,0
1749,48,132913.0,792.0,32,1,A,East,1
1750,30,133262.0,737.0,12,8,B,West,1
1751,30,58250.0,690.0,38,4,C,South,0
1752,27,159524.0,317.0,35,2,A,South,1
1753,24,130242.0,302.0,22,8,B,South,1
1754,42,27919.0,782.0,2,8,B,South,0
1755,42,83688.0,351.0,17,2,A,North,1
1756,19,174718.0,785.0,9,2,C,South,1
1757,50,63051.0,391.0,2,1,C,North,0
1758,32,172933.0,834.0,31,7,D,East,1
1759,57,188791.0,690.0,22,5,B,West,1
1760,31,121424.0,637.0,2,9,D,West,0
1761,44,162640.0,523.0,7,5,B,East,1
1762,33,198355.0,312.0,28,1,D,North,1
1763,24,34592.0,781.0,9,5,D,North,1
1764,62,64484.0,372.0,22,1,C,East,0
1765,26,38916.0,538.0,29,5,A,East,0
1766,54,43124.0,665.0,10,7,D,East,0
1767,37,77954.0,634.0,11,8,A,West,0
1768,45,57481.0,,13,1,D,North,1
1769,22,148046.0,577.0,0,6,B,North,0
1770,47,154781.0,440.0,8,5,A,South,1
1771,51,102882.0,766.0,3,6,C,South,1
1772,46,27816.0,514.0,34,8,C,West,0
1773,43,69426.0,834.0,9,9,D,South,1
1774,32,76770.0,818.0,33,9,A,West,1
1775,40,68044.0,588.0,35,1,D,West,0
1776,23,132743.0,535.0,32,8,C,West,1
1777,25,70322.0,762.0,18,7,B,East,1
1778,20,52817.0,595.0,9,5,D,South,0
1779,19,161116.0,728.0,3,6,D,South,1
1780,40,30748.0,807.0,36,2,B,North,1
1781,43,107445.0,560.0,19,4,D,East,1
1782,21,66811.0,356.0,7,4,A,West,0
1783,31,148884.0,413.0,10,3,A,South,1
1784,43,127423.0,584.0,3,5,C,West,0
1785,65,97550.0,729.0,11,2,D,West,1
1786,54,144807.0,743.0,1,2,C,East,1
1787,64,108038.0,443.0,28,8,C,East,1
1788,26,44606.0,548.0,10,1,B,West,0
1789,23,41535.0,321.0,23,1,A,East,0
1790,19,112980.0,493.0,9,2,B,North,1
1791,49,,488.0,23,9,D,West,1
1792,26,162582.0,550.0,14,2,C,West,1
1793,38,83936.0,358.0,9,3,C,East,1
1794,20,77333.0,746.0,32,9,A,West,1
1795,36,52583.0,340.0,35,1,B,West,0
1796,49,87423.0,338.0,19,4,D,South,1
1797,62,115697.0,541.0,3,6,A,South,0
1798,41,117643.0,506.0,37,2,D,East,1
1799,62,61763.0,392.0,22,5,A,East,0
1800,32,173793.0,586.0,34,5,B,North,1
1801,21,125464.0,467.0,8,7,C,North,1
1802,66,21834.0,702.0,4,5,A,West,0
1803,26,58574.0,702.0,4,3,A,West,0
1804,24,120440.0,309.0,0,8,A,South,0
1805,69,119655.0,811.0,39,8,C,North,1
1806,34,151542.0,740.0,15,3,D,West,1
1807,18,,314.0,38,7,C,South,0
1808,60,164080.0,353.0,33,5,B,South,1
1809,19,30541.0,576.0,32,8,D,North,0
1810,21,150006.0,638.0,12,6,B,South,1
1811,46,97507.0,493.0,5,4,C,North,0
1812,42,139251.0,512.0,6,7,C,South,1
1813,19,128153.0,470.0,31,9,B,South,1
1814,35,111589.0,352.0,34,9,C,South,1
1815,38,63974.0,791.0,5,8,D,East,0
1816,50,122520.0,426.0,21,6,B,East,1
1817,46,170115.0,678.0,15,8,C,East,1
1818,41,59279.0,653.0,39,7,C,East,0
1819,53,190335.0,538.0,17,2,A,North,1
1820,36,23134.0,719.0,10,1,D,South,1
1821,31,132023.0,639.0,31,5,C,North,1
1822,44,86664.0,663.0,38,1,C,East,1
1823,32,93368.0,380.0,35,8,A,South,1
1824,18,168350.0,706.0,2,8,D,North,1
1825,50,187230.0,545.0,29,5,C,West,1
1826,41,67802.0,785.0,10,2,A,East,1
1827,40,146826.0,646.0,2,5,C,South,0
1828,55,58484.0,393.0,39,7,D,South,0
1829,26,53845.0,843.0,20,3,B,West,1
1830,67,125564.0,542.0,13,3,D,South,1
1831,53,182517.0,681.0,34,3,D,East,1
1832,55,,590.0,6,4,B,North,0
1833,60,33050.0,432.0,25,4,D,South,0
1834,46,35289.0,357.0,28,1,C,West,0
1835,31,26542.0,551.0,4,9,C,North,0
1836,21,66824.0,833.0,37,6,C,West,1
1837,30,123133.0,781.0,29,7,B,East,1
1838,43,83988.0,696.0,39,3,B,East,1
1839,35,66701.0,821.0,29,8,D,West,1
1840,24,166995.0,764.0,0,4,D,West,1
1841,22,139876.0,590.0,17,2,A,North,1
1842,45,33987.0,636.0,4,1,C,West,0
1843,30,22407.0,312.0,29,9,C,South,0
1844,44,129811.0,,11,1,A,East,1
1845,29,56294.0,509.0,14,7,B,East,0
1846,29,190777.0,828.0,6,4,C,East,1
1847,61,137574.0,846.0,23,1,A,South,1
1848,29,43474.0,680.0,3,2,C,North,0
1849,50,58961.0,773.0,21,4,A,East,1
1850,19,100054.0,393.0,26,1,B,South,1
1851,48,189990.0,568.0,34,4,B,West,1
1852,49,144096.0,749.0,22,3,A,West,1
1853,45,37403.0,463.0,19,5,D,North,0
1854,43,135159.0,816.0,16,9,A,North,1
1855,33,154895.0,330.0,36,6,C,East,1
1856,69,123747.0,473.0,38,4,B,West,1
1857,38,78090.0,481.0,21,8,C,East,0
1858,65,106048.0,657.0,7,2,C,East,1
1859,36,133986.0,476.0,10,6,C,West,1
1860,65,117094.0,777.0,8,8,A,North,1
1861,69,92226.0,639.0,3,8,C,West,0
1862,53,156391.0,386.0,21,7,A,South,1
1863,54,185770.0,476.0,0,5,A,East,0
1864,21,169101.0,477.0,17,5,C,North,1
1865,18,124565.0,701.0,23,2,C,South,1
1866,19,147278.0,572.0,37,3,A,North,1
1867,23,76790.0,319.0,20,1,A,North,0
1868,34,99618.0,577.0,4,3,C,North,0
1869,23,105045.0,749.0,23,8,B,South,1
1870,20,70594.0,699.0,27,6,D,North,0
1871,52,62765.0,,0,7,D,East,0
1872,24,24770.0,528.0,6,1,C,North,0
1873,57,140373.0,745.0,26,7,D,North,1
1874,54,151204.0,774.0,3,3,C,South,1
1875,49,180210.0,313.0,18,6,B,East,1
1876,67,27978.0,587.0,19,2,C,East,0
1877,64,30498.0,499.0,20,2,D,East,0
1878,35,157098.0,620.0,5,2,C,East,0
1879,21,137963.0,523.0,22,7,A,South,1
1880,45,153713.0,688.0,38,9,C,East,1
1881,36,194619.0,663.0,25,5,A,East,1
1882,60,57353.0,499.0,19,9,A,East,0
1883,38,93151.0,512.0,23,3,D,West,1
1884,32,145711.0,826.0,34,6,A,South,1
1885,35,132904.0,767.0,28,7,B,North,1
1886,26,48551.0,694.0,3,8,B,North,0
1887,28,,739.0,0,7,D,East,1
1888,24,156127.0,687.0,34,9,B,North,1
1889,22,169404.0,459.0,8,7,B,West,1
1890,29,169978.0,541.0,28,5,D,West,1
1891,34,178331.0,472.0,6,4,C,East,1
1892,66,120077.0,691.0,39,3,D,South,1
1893,25,154637.0,839.0,32,6,D,North,1
1894,57,26025.0,412.0,28,7,B,South,0
1895,40,82627.0,496.0,4,7,C,South,0
1896,52,125218.0,685.0,22,4,D,South,1
1897,67,60493.0,841.0,14,2,C,North,1
1898,29,70049.0,834.0,4,6,C,East,0
1899,60,158219.0,585.0,11,2,D,West,1
1900,37,84266.0,660.0,12,9,B,South,1
1901,54,46442.0,516.0,19,5,C,South,0
1902,41,70366.0,746.0,34,4,A,North,1
1903,65,49516.0,763.0,2,8,C,West,0
1904,47,56694.0,535.0,7,4,D,East,0
1905,29,84867.0,836.0,2,4,C,West,1
1906,44,130371.0,411.0,14,8,A,East,1
1907,28,,571.0,15,6,A,West,1
1908,37,35198.0,347.0,19,2,B,South,0
1909,63,,796.0,16,5,D,East,1
1910,54,123466.0,561.0,33,1,C,East,1
1911,50,152437.0,347.0,36,9,A,West,1
1912,26,46700.0,516.0,21,8,B,North,0
1913,45,70075.0,689.0,3,2,B,North,0
1914,23,81908.0,652.0,2,1,A,North,0
1915,33,,695.0,38,6,B,East,1
1916,22,170557.0,522.0,35,2,A,East,1
1917,25,39063.0,625.0,12,5,A,East,0
1918,47,143304.0,667.0,1,6,B,South,0
1919,64,33049.0,434.0,36,2,B,South,0
1920,35,92957.0,578.0,31,9,B,East,1
1921,52,116561.0,662.0,34,8,C,North,1
1922,29,186188.0,767.0,11,6,D,East,1
1923,39,196577.0,447.0,29,7,C,South,1
1924,43,124766.0,615.0,7,7,B,West,1
1925,62,46934.0,536.0,21,5,B,East,0
1926,46,106818.0,493.0,26,7,A,West,1
1927,50,153040.0,797.0,35,6,D,North,1
1928,56,77187.0,444.0,15,7,B,East,0
1929,63,182291.0,669.0,16,4,D,South,1
1930,29,165358.0,683.0,7,2,D,South,1
1931,31,116679.0,338.0,35,8,B,South,1
1932,49,92949.0,841.0,20,7,A,East,1
1933,25,105672.0,749.0,7,7,B,East,1
1934,19,139494.0,551.0,24,2,C,West,1
1935,31,53867.0,831.0,34,3,D,South,1
1936,62,187100.0,549.0,25,7,D,North,1
1937,49,166611.0,312.0,13,7,C,East,1
1938,33,81893.0,653.0,2,7,A,West,0
1939,29,146101.0,610.0,19,8,B,West,1
1940,36,36924.0,581.0,20,8,B,South,0
1941,32,50686.0,557.0,12,3,B,South,0
1942,25,,557.0,4,7,A,South,0
1943,63,36451.0,847.0,6,2,B,East,1
1944,53,74104.0,344.0,29,1,C,North,0
1945,35,123957.0,730.0,11,4,B,South,1
1946,36,127104.0,835.0,0,6,A,North,1
1947,29,72985.0,715.0,34,3,B,East,1
1948,60,171400.0,353.0,16,9,B,South,1
1949,23,147253.0,694.0,15,8,C,West,1
1950,36,125364.0,518.0,21,8,B,West,1
1951,68,158754.0,698.0,35,1,A,North,1
1952,44,163026.0,421.0,33,6,B,West,1
1953,64,119580.0,327.0,33,9,B,West,1
1954,64,145865.0,580.0,24,4,C,South,1
1955,28,31378.0,592.0,22,3,C,South,0
1956,24,38783.0,384.0,16,2,C,East,0
1957,67,,679.0,20,5,A,South,0
1958,31,169192.0,412.0,28,4,D,East,1
1959,67,170892.0,308.0,16,9,D,East,1
1960,69,63529.0,322.0,3,6,D,South,0
1961,55,21312.0,738.0,13,5,D,East,1
1962,48,52656.0,,9,7,D,South,0
1963,66,129701.0,744.0,5,7,C,West,1
1964,43,27106.0,681.0,2,6,C,East,0
1965,30,135030.0,389.0,17,9,D,West,1
1966,50,109405.0,628.0,7,4,C,West,1
1967,69,123966.0,487.0,18,6,B,South,1
1968,27,192644.0,826.0,15,8,C,East,1
1969,20,172101.0,618.0,25,9,C,North,1
1970,44,177458.0,506.0,7,9,C,South,1
1971,65,191334.0,807.0,15,6,D,South,1
1972,68,25725.0,839.0,26,8,D,North,1
1973,25,164904.0,538.0,19,7,B,West,1
1974,55,196972.0,523.0,13,9,C,South,1
1975,42,171569.0,841.0,36,9,B,South,1
1976,20,65835.0,813.0,31,9,B,South,1
1977,40,33756.0,819.0,14,2,D,West,1
1978,65,120420.0,418.0,9,2,A,East,1
1979,32,47422.0,328.0,30,5,D,North,0
1980,62,47881.0,611.0,7,1,D,South,0
1981,57,39781.0,404.0,36,1,D,North,0
1982,19,,826.0,29,8,A,North,1
1983,48,143416.0,489.0,17,5,A,South,1
1984,47,94003.0,716.0,37,7,B,West,1
1985,20,125520.0,683.0,28,4,C,South,1
1986,26,36861.0,547.0,0,8,D,North,0
1987,32,62123.0,800.0,30,2,A,North,1
1988,33,102882.0,510.0,14,7,B,South,1
1989,47,109267.0,490.0,19,8,B,West,1
1990,46,165098.0,651.0,32,7,C,North,1
1991,53,156243.0,378.0,7,6,B,South,1
1992,47,103606.0,408.0,35,2,C,North,1
1993,54,51082.0,493.0,2,5,A,South,0
1994,63,135390.0,826.0,20,8,A,East,1
1995,49,109428.0,331.0,32,7,C,East,1
1996,60,158267.0,578.0,25,7,A,West,1
1997,33,93716.0,635.0,19,4,C,North,1
1998,64,33420.0,,7,3,D,South,1
1999,68,178885.0,846.0,36,9,C,North,1
2000,59,188721.0,731.0,3,3,A,East,1
